run_id,backend,denoising_steps,iteration,policy_cuda_ms,policy_wall_ms,denoiser_total_ms,per_step_mean_ms,gpu_allocated_mb,gpu_reserved_mb
20260729T183102_bf16_eager,bf16_eager,1,0,200.23427,200.32576,60.05658,60.05658,4013.604,5294.0
20260729T183102_bf16_eager,bf16_eager,1,1,199.88284,199.97035,60.29926,60.29926,4013.604,5294.0
20260729T183102_bf16_eager,bf16_eager,1,2,215.55952,215.66639,65.53907,65.53907,4013.604,5294.0
20260729T183102_bf16_eager,bf16_eager,1,3,204.76649,204.86381,61.94893,61.94893,4013.604,5294.0
20260729T183102_bf16_eager,bf16_eager,1,4,206.73689,206.84395,63.05383,63.05383,4013.604,5294.0
20260729T183102_bf16_eager,bf16_eager,1,5,211.9696,212.13277,62.64736,62.64736,4013.604,5294.0
20260729T183102_bf16_eager,bf16_eager,1,6,201.10345,201.18786,60.29923,60.29923,4013.604,5294.0
20260729T183102_bf16_eager,bf16_eager,1,7,205.28755,205.36688,59.94086,59.94086,4013.604,5294.0
20260729T183102_bf16_eager,bf16_eager,1,8,199.59018,199.67118,60.12928,60.12928,4013.604,5294.0
20260729T183102_bf16_eager,bf16_eager,1,9,198.92113,199.00068,59.93376,59.93376,4013.604,5294.0
20260729T183102_bf16_eager,bf16_eager,1,10,199.61617,199.70031,60.04627,60.04627,4013.604,5294.0
20260729T183102_bf16_eager,bf16_eager,1,11,198.84822,198.92713,59.89888,59.89888,4013.604,5294.0
20260729T183102_bf16_eager,bf16_eager,1,12,215.67607,215.758,60.42419,60.42419,4013.604,5294.0
20260729T183102_bf16_eager,bf16_eager,1,13,201.33914,201.45135,60.66995,60.66995,4013.604,5294.0
20260729T183102_bf16_eager,bf16_eager,1,14,217.30589,217.39046,61.65094,61.65094,4013.604,5294.0
20260729T183102_bf16_eager,bf16_eager,1,15,264.65567,264.74013,66.73101,66.73101,4013.604,5294.0
20260729T183102_bf16_eager,bf16_eager,1,16,238.9304,239.17186,64.49767,64.49767,4013.604,5294.0
20260729T183102_bf16_eager,bf16_eager,1,17,207.71689,207.79601,65.77971,65.77971,4013.604,5294.0
20260729T183102_bf16_eager,bf16_eager,1,18,198.9745,199.05697,60.1897,60.1897,4013.604,5294.0
20260729T183102_bf16_eager,bf16_eager,1,19,199.26585,199.34348,60.00445,60.00445,4013.604,5294.0
20260729T183102_bf16_eager,bf16_eager,1,20,199.55968,199.63983,60.00845,60.00845,4013.604,5294.0
20260729T183102_bf16_eager,bf16_eager,1,21,200.04358,200.12247,60.20096,60.20096,4013.604,5294.0
20260729T183102_bf16_eager,bf16_eager,1,22,198.91725,198.99465,59.97466,59.97466,4013.604,5294.0
20260729T183102_bf16_eager,bf16_eager,1,23,203.75853,203.84912,61.73194,61.73194,4013.604,5294.0
20260729T183102_bf16_eager,bf16_eager,1,24,202.86707,202.95008,61.59974,61.59974,4013.604,5294.0
20260729T183102_bf16_eager,bf16_eager,1,25,202.17809,202.25845,61.85677,61.85677,4013.604,5294.0
20260729T183102_bf16_eager,bf16_eager,1,26,202.21527,202.29244,59.86713,59.86713,4013.604,5294.0
20260729T183102_bf16_eager,bf16_eager,1,27,200.53293,200.61217,59.90093,59.90093,4013.604,5294.0
20260729T183102_bf16_eager,bf16_eager,1,28,199.25677,199.33623,59.99821,59.99821,4013.604,5294.0
20260729T183102_bf16_eager,bf16_eager,1,29,202.59149,202.67529,60.1856,60.1856,4013.604,5294.0
20260729T183102_bf16_eager,bf16_eager,1,30,254.01184,254.09324,59.90605,59.90605,4013.604,5294.0
20260729T183102_bf16_eager,bf16_eager,1,31,199.14218,199.21965,59.86611,59.86611,4013.604,5294.0
20260729T183102_bf16_eager,bf16_eager,1,32,199.14877,199.22559,60.17741,60.17741,4013.604,5294.0
20260729T183102_bf16_eager,bf16_eager,1,33,198.3096,198.38631,59.88147,59.88147,4013.604,5294.0
20260729T183102_bf16_eager,bf16_eager,1,34,199.12967,199.20685,59.90928,59.90928,4013.604,5294.0
20260729T183102_bf16_eager,bf16_eager,1,35,198.76489,198.84124,60.0576,60.0576,4013.604,5294.0
20260729T183102_bf16_eager,bf16_eager,1,36,198.81879,198.89449,60.0064,60.0064,4013.604,5294.0
20260729T183102_bf16_eager,bf16_eager,1,37,200.09767,200.18935,60.20403,60.20403,4013.604,5294.0
20260729T183102_bf16_eager,bf16_eager,1,38,206.31386,206.39889,60.29005,60.29005,4013.604,5294.0
20260729T183102_bf16_eager,bf16_eager,1,39,199.75798,199.83804,60.00537,60.00537,4013.604,5294.0
20260729T183102_bf16_eager,bf16_eager,1,40,209.66158,209.74326,59.91424,59.91424,4013.604,5294.0
20260729T183102_bf16_eager,bf16_eager,1,41,211.43452,211.55083,62.26118,62.26118,4013.604,5294.0
20260729T183102_bf16_eager,bf16_eager,1,42,201.26317,201.34579,59.96032,59.96032,4013.604,5294.0
20260729T183102_bf16_eager,bf16_eager,1,43,198.92317,199.00435,59.91424,59.91424,4013.604,5294.0
20260729T183102_bf16_eager,bf16_eager,1,44,199.31873,199.39893,60.09037,60.09037,4013.604,5294.0
20260729T183102_bf16_eager,bf16_eager,1,45,200.3929,200.47761,60.3136,60.3136,4013.604,5294.0
20260729T183102_bf16_eager,bf16_eager,1,46,199.84518,200.06613,60.60135,60.60135,4013.604,5294.0
20260729T183102_bf16_eager,bf16_eager,1,47,205.61684,205.69684,63.50131,63.50131,4013.604,5294.0
20260729T183102_bf16_eager,bf16_eager,1,48,200.19478,200.27267,59.88864,59.88864,4013.604,5294.0
20260729T183102_bf16_eager,bf16_eager,1,49,200.42723,200.50278,60.09856,60.09856,4013.604,5294.0
20260729T183102_bf16_eager,bf16_eager,1,50,209.08138,209.15963,60.1344,60.1344,4013.604,5294.0
20260729T183102_bf16_eager,bf16_eager,1,51,198.92947,199.00708,60.06784,60.06784,4013.604,5294.0
20260729T183102_bf16_eager,bf16_eager,1,52,198.49554,198.57259,59.85485,59.85485,4013.604,5294.0
20260729T183102_bf16_eager,bf16_eager,1,53,200.61261,200.69911,59.96851,59.96851,4013.604,5294.0
20260729T183102_bf16_eager,bf16_eager,1,54,243.33293,243.4153,59.91542,59.91542,4013.604,5294.0
20260729T183102_bf16_eager,bf16_eager,1,55,207.90375,207.98856,60.0873,60.0873,4013.604,5294.0
20260729T183102_bf16_eager,bf16_eager,1,56,198.68906,198.76703,59.91936,59.91936,4013.604,5294.0
20260729T183102_bf16_eager,bf16_eager,1,57,199.05641,199.13394,59.94598,59.94598,4013.604,5294.0
20260729T183102_bf16_eager,bf16_eager,1,58,198.62602,198.7033,60.06477,60.06477,4013.604,5294.0
20260729T183102_bf16_eager,bf16_eager,1,59,204.98425,205.06053,59.96851,59.96851,4013.604,5294.0
20260729T183102_bf16_eager,bf16_eager,1,60,206.40086,206.47785,59.87533,59.87533,4013.604,5294.0
20260729T183102_bf16_eager,bf16_eager,1,61,199.1834,199.25861,59.8825,59.8825,4013.604,5294.0
20260729T183102_bf16_eager,bf16_eager,1,62,199.231,199.30651,60.02275,60.02275,4013.604,5294.0
20260729T183102_bf16_eager,bf16_eager,1,63,198.47968,198.55537,59.85075,59.85075,4013.604,5294.0
20260729T183102_bf16_eager,bf16_eager,1,64,198.76486,198.84163,59.89786,59.89786,4013.604,5294.0
20260729T183102_bf16_eager,bf16_eager,1,65,198.7072,198.78775,59.97568,59.97568,4013.604,5294.0
20260729T183102_bf16_eager,bf16_eager,1,66,292.23413,292.31828,60.47437,60.47437,4013.604,5294.0
20260729T183102_bf16_eager,bf16_eager,1,67,198.76973,198.85276,61.53728,61.53728,4013.604,5294.0
20260729T183102_bf16_eager,bf16_eager,1,68,196.99344,197.07253,60.09245,60.09245,4013.604,5294.0
20260729T183102_bf16_eager,bf16_eager,1,69,201.05789,201.14011,61.77177,61.77177,4013.604,5294.0
20260729T183102_bf16_eager,bf16_eager,1,70,198.86382,198.94121,60.1088,60.1088,4013.604,5294.0
20260729T183102_bf16_eager,bf16_eager,1,71,198.58426,198.67547,59.94394,59.94394,4013.604,5294.0
20260729T183102_bf16_eager,bf16_eager,1,72,204.18068,204.26207,62.1609,62.1609,4013.604,5294.0
20260729T183102_bf16_eager,bf16_eager,1,73,206.36295,206.46306,60.70682,60.70682,4013.604,5294.0
20260729T183102_bf16_eager,bf16_eager,1,74,202.44742,202.53116,62.04826,62.04826,4013.604,5294.0
20260729T183102_bf16_eager,bf16_eager,1,75,202.17596,202.25898,61.86599,61.86599,4013.604,5294.0
20260729T183102_bf16_eager,bf16_eager,1,76,201.19002,201.27032,62.09229,62.09229,4013.604,5294.0
20260729T183102_bf16_eager,bf16_eager,1,77,199.48988,199.56869,60.2153,60.2153,4013.604,5294.0
20260729T183102_bf16_eager,bf16_eager,1,78,205.18958,205.268,59.95008,59.95008,4013.604,5294.0
20260729T183102_bf16_eager,bf16_eager,1,79,198.95978,199.03715,59.92858,59.92858,4013.604,5294.0
20260729T183102_bf16_eager,bf16_eager,1,80,199.17801,199.27482,60.02176,60.02176,4013.604,5294.0
20260729T183102_bf16_eager,bf16_eager,1,81,270.22452,270.30687,60.52864,60.52864,4013.604,5294.0
20260729T183102_bf16_eager,bf16_eager,1,82,202.88713,202.9685,60.21539,60.21539,4013.604,5294.0
20260729T183102_bf16_eager,bf16_eager,1,83,199.21169,199.2938,60.34227,60.34227,4013.604,5294.0
20260729T183102_bf16_eager,bf16_eager,1,84,199.11713,199.19977,60.26649,60.26649,4013.604,5294.0
20260729T183102_bf16_eager,bf16_eager,1,85,254.87373,254.95447,60.07501,60.07501,4013.604,5294.0
20260729T183102_bf16_eager,bf16_eager,1,86,251.79971,251.88668,63.28115,63.28115,4013.604,5294.0
20260729T183102_bf16_eager,bf16_eager,1,87,198.71603,198.7951,59.99821,59.99821,4013.604,5294.0
20260729T183102_bf16_eager,bf16_eager,1,88,200.68649,200.76639,61.78509,61.78509,4013.604,5294.0
20260729T183102_bf16_eager,bf16_eager,1,89,201.12332,201.20537,61.69299,61.69299,4013.604,5294.0
20260729T183102_bf16_eager,bf16_eager,1,90,218.46797,218.55416,60.27571,60.27571,4013.604,5294.0
20260729T183102_bf16_eager,bf16_eager,1,91,200.58397,200.68651,60.00333,60.00333,4013.604,5294.0
20260729T183102_bf16_eager,bf16_eager,1,92,199.32054,199.39795,60.04019,60.04019,4013.604,5294.0
20260729T183102_bf16_eager,bf16_eager,1,93,200.44852,200.52486,60.12621,60.12621,4013.604,5294.0
20260729T183102_bf16_eager,bf16_eager,1,94,199.30794,199.53129,60.02688,60.02688,4013.604,5294.0
20260729T183102_bf16_eager,bf16_eager,1,95,211.05562,211.13696,63.51872,63.51872,4013.604,5294.0
20260729T183102_bf16_eager,bf16_eager,1,96,205.40851,205.48743,60.1344,60.1344,4013.604,5294.0
20260729T183102_bf16_eager,bf16_eager,1,97,202.44508,202.52032,59.97977,59.97977,4013.604,5294.0
20260729T183102_bf16_eager,bf16_eager,1,98,199.30371,199.37906,60.00333,60.00333,4013.604,5294.0
20260729T183102_bf16_eager,bf16_eager,1,99,246.77802,246.8559,59.91219,59.91219,4013.604,5294.0
20260729T183102_bf16_eager,bf16_eager,1,100,202.27789,202.36363,60.05139,60.05139,4013.604,5294.0
20260729T183102_bf16_eager,bf16_eager,1,101,202.36771,202.44571,60.58189,60.58189,4013.604,5294.0
20260729T183102_bf16_eager,bf16_eager,1,102,198.44458,198.51929,59.94394,59.94394,4013.604,5294.0
20260729T183102_bf16_eager,bf16_eager,1,103,199.11049,199.18648,59.92957,59.92957,4013.604,5294.0
20260729T183102_bf16_eager,bf16_eager,1,104,202.27191,202.35024,60.07091,60.07091,4013.604,5294.0
20260729T183102_bf16_eager,bf16_eager,1,105,222.44,222.51847,60.19789,60.19789,4013.604,5294.0
20260729T183102_bf16_eager,bf16_eager,1,106,198.92813,199.00558,60.07091,60.07091,4013.604,5294.0
20260729T183102_bf16_eager,bf16_eager,1,107,199.9288,200.0063,60.98432,60.98432,4013.604,5294.0
20260729T183102_bf16_eager,bf16_eager,1,108,202.09079,202.16856,60.08832,60.08832,4013.604,5294.0
20260729T183102_bf16_eager,bf16_eager,1,109,204.88672,204.96438,60.04429,60.04429,4013.604,5294.0
20260729T183102_bf16_eager,bf16_eager,1,110,199.46768,199.54698,60.47949,60.47949,4013.604,5294.0
20260729T183102_bf16_eager,bf16_eager,1,111,200.26947,200.34746,60.47846,60.47846,4013.604,5294.0
20260729T183102_bf16_eager,bf16_eager,1,112,203.75494,203.83343,60.23168,60.23168,4013.604,5294.0
20260729T183102_bf16_eager,bf16_eager,1,113,207.93472,208.01431,60.20608,60.20608,4013.604,5294.0
20260729T183102_bf16_eager,bf16_eager,1,114,199.31664,199.39541,60.14874,60.14874,4013.604,5294.0
20260729T183102_bf16_eager,bf16_eager,1,115,199.19533,199.27127,60.03197,60.03197,4013.604,5294.0
20260729T183102_bf16_eager,bf16_eager,1,116,199.43306,199.51347,60.22451,60.22451,4013.604,5294.0
20260729T183102_bf16_eager,bf16_eager,1,117,198.98758,199.06443,60.01254,60.01254,4013.604,5294.0
20260729T183102_bf16_eager,bf16_eager,1,118,199.09044,199.16901,60.24499,60.24499,4013.604,5294.0
20260729T183102_bf16_eager,bf16_eager,1,119,215.98938,216.07824,66.47194,66.47194,4013.604,5294.0
20260729T183102_bf16_eager,bf16_eager,1,120,201.64577,201.72841,60.19181,60.19181,4013.604,5294.0
20260729T183102_bf16_eager,bf16_eager,1,121,213.55542,213.64005,61.02221,61.02221,4013.604,5294.0
20260729T183102_bf16_eager,bf16_eager,1,122,197.87091,197.95104,60.56141,60.56141,4013.604,5294.0
20260729T183102_bf16_eager,bf16_eager,1,123,199.53984,199.63648,60.73037,60.73037,4013.604,5294.0
20260729T183102_bf16_eager,bf16_eager,1,124,198.75008,198.8378,61.00672,61.00672,4013.604,5294.0
20260729T183102_bf16_eager,bf16_eager,1,125,198.97046,199.05246,60.93312,60.93312,4013.604,5294.0
20260729T183102_bf16_eager,bf16_eager,1,126,222.38841,222.50692,60.57069,60.57069,4013.604,5294.0
20260729T183102_bf16_eager,bf16_eager,1,127,217.63385,217.71389,60.48666,60.48666,4013.604,5294.0
20260729T183102_bf16_eager,bf16_eager,1,128,199.75661,199.83424,60.28391,60.28391,4013.604,5294.0
20260729T183102_bf16_eager,bf16_eager,1,129,201.54765,201.62741,60.28083,60.28083,4013.604,5294.0
20260729T183102_bf16_eager,bf16_eager,1,130,200.1888,200.26802,60.43853,60.43853,4013.604,5294.0
20260729T183102_bf16_eager,bf16_eager,1,131,205.38733,205.62537,62.4711,62.4711,4013.604,5294.0
20260729T183102_bf16_eager,bf16_eager,1,132,203.82602,203.90301,61.70317,61.70317,4013.604,5294.0
20260729T183102_bf16_eager,bf16_eager,1,133,218.0432,218.13259,61.20243,61.20243,4013.604,5294.0
20260729T183102_bf16_eager,bf16_eager,1,134,201.31342,201.39085,60.0064,60.0064,4013.604,5294.0
20260729T183102_bf16_eager,bf16_eager,1,135,206.46223,206.53965,59.94086,59.94086,4013.604,5294.0
20260729T183102_bf16_eager,bf16_eager,1,136,199.47879,199.55517,60.06989,60.06989,4013.604,5294.0
20260729T183102_bf16_eager,bf16_eager,1,137,198.92633,199.00191,59.94288,59.94288,4013.604,5294.0
20260729T183102_bf16_eager,bf16_eager,1,138,200.54109,200.61847,60.04326,60.04326,4013.604,5294.0
20260729T183102_bf16_eager,bf16_eager,1,139,271.43561,271.51386,59.98093,59.98093,4013.604,5294.0
20260729T183102_bf16_eager,bf16_eager,1,140,201.97136,202.04874,60.17638,60.17638,4013.604,5294.0
20260729T183102_bf16_eager,bf16_eager,1,141,199.89812,199.97513,59.91322,59.91322,4013.604,5294.0
20260729T183102_bf16_eager,bf16_eager,1,142,198.88608,198.96247,59.97261,59.97261,4013.604,5294.0
20260729T183102_bf16_eager,bf16_eager,1,143,198.7818,198.85725,60.21734,60.21734,4013.604,5294.0
20260729T183102_bf16_eager,bf16_eager,1,144,198.55769,198.663,60.02074,60.02074,4013.604,5294.0
20260729T183102_bf16_eager,bf16_eager,1,145,272.56808,272.64778,60.00333,60.00333,4013.604,5294.0
20260729T183102_bf16_eager,bf16_eager,1,146,199.99898,200.07608,61.07443,61.07443,4013.604,5294.0
20260729T183102_bf16_eager,bf16_eager,1,147,198.8824,198.96482,59.9552,59.9552,4013.604,5294.0
20260729T183102_bf16_eager,bf16_eager,1,148,202.41312,202.49797,60.95258,60.95258,4013.604,5294.0
20260729T183102_bf16_eager,bf16_eager,1,149,209.50084,209.5803,60.30746,60.30746,4013.604,5294.0
20260729T183102_bf16_eager,bf16_eager,1,150,199.51958,199.59922,60.46003,60.46003,4013.604,5294.0
20260729T183102_bf16_eager,bf16_eager,1,151,200.85799,200.94898,60.04019,60.04019,4013.604,5294.0
20260729T183102_bf16_eager,bf16_eager,1,152,206.77539,206.8623,61.95219,61.95219,4013.604,5294.0
20260729T183102_bf16_eager,bf16_eager,1,153,200.2527,200.33453,62.336,62.336,4013.604,5294.0
20260729T183102_bf16_eager,bf16_eager,1,154,198.90002,198.97737,60.38323,60.38323,4013.604,5294.0
20260729T183102_bf16_eager,bf16_eager,1,155,199.06586,199.14612,60.55629,60.55629,4013.604,5294.0
20260729T183102_bf16_eager,bf16_eager,1,156,197.45482,197.5342,60.47334,60.47334,4013.604,5294.0
20260729T183102_bf16_eager,bf16_eager,1,157,210.08476,210.17562,63.51155,63.51155,4013.604,5294.0
20260729T183102_bf16_eager,bf16_eager,1,158,248.28279,248.37486,62.34521,62.34521,4013.604,5294.0
20260729T183102_bf16_eager,bf16_eager,1,159,201.25664,201.33546,60.12006,60.12006,4013.604,5294.0
20260729T183102_bf16_eager,bf16_eager,1,160,264.0795,264.17129,60.3751,60.3751,4013.604,5294.0
20260729T183102_bf16_eager,bf16_eager,1,161,200.89873,200.98059,60.5655,60.5655,4013.604,5294.0
20260729T183102_bf16_eager,bf16_eager,1,162,218.38768,218.48122,70.23613,70.23613,4013.604,5294.0
20260729T183102_bf16_eager,bf16_eager,1,163,201.7233,201.89511,61.62432,61.62432,4013.604,5294.0
20260729T183102_bf16_eager,bf16_eager,1,164,208.8187,208.91353,61.53625,61.53625,4013.604,5294.0
20260729T183102_bf16_eager,bf16_eager,1,165,202.19287,202.28194,60.39757,60.39757,4013.604,5294.0
20260729T183102_bf16_eager,bf16_eager,1,166,272.9653,273.08571,60.31763,60.31763,4013.604,5294.0
20260729T183102_bf16_eager,bf16_eager,1,167,205.51744,205.60056,60.94746,60.94746,4013.604,5294.0
20260729T183102_bf16_eager,bf16_eager,1,168,225.21919,225.30831,60.26448,60.26448,4013.604,5294.0
20260729T183102_bf16_eager,bf16_eager,1,169,264.4744,264.55779,60.60237,60.60237,4013.604,5294.0
20260729T183102_bf16_eager,bf16_eager,1,170,204.71133,204.96176,63.72659,63.72659,4013.604,5294.0
20260729T183102_bf16_eager,bf16_eager,1,171,209.27562,209.35654,63.91398,63.91398,4013.604,5294.0
20260729T183102_bf16_eager,bf16_eager,1,172,203.47089,203.55617,62.53363,62.53363,4013.604,5294.0
20260729T183102_bf16_eager,bf16_eager,1,173,199.43233,199.51594,60.22861,60.22861,4013.604,5294.0
20260729T183102_bf16_eager,bf16_eager,1,174,202.96786,203.0491,61.10925,61.10925,4013.604,5294.0
20260729T183102_bf16_eager,bf16_eager,1,175,199.18253,199.26304,59.97977,59.97977,4013.604,5294.0
20260729T183102_bf16_eager,bf16_eager,1,176,201.1295,201.2234,61.6151,61.6151,4013.604,5294.0
20260729T183102_bf16_eager,bf16_eager,1,177,203.34282,203.42929,62.84288,62.84288,4013.604,5294.0
20260729T183102_bf16_eager,bf16_eager,1,178,224.30817,224.4013,62.27968,62.27968,4013.604,5294.0
20260729T183102_bf16_eager,bf16_eager,1,179,219.62256,219.70704,62.39744,62.39744,4013.604,5294.0
20260729T183102_bf16_eager,bf16_eager,1,180,223.30688,223.39174,60.33408,60.33408,4013.604,5294.0
20260729T183102_bf16_eager,bf16_eager,1,181,198.98764,199.06488,59.92243,59.92243,4013.604,5294.0
20260729T183102_bf16_eager,bf16_eager,1,182,202.18623,202.29615,60.27981,60.27981,4013.604,5294.0
20260729T183102_bf16_eager,bf16_eager,1,183,229.93689,230.01898,61.81683,61.81683,4013.604,5294.0
20260729T183102_bf16_eager,bf16_eager,1,184,200.70903,200.79398,60.39757,60.39757,4013.604,5294.0
20260729T183102_bf16_eager,bf16_eager,1,185,200.42041,200.49955,60.27869,60.27869,4013.604,5294.0
20260729T183102_bf16_eager,bf16_eager,1,186,199.32451,199.40474,60.32486,60.32486,4013.604,5294.0
20260729T183102_bf16_eager,bf16_eager,1,187,199.8912,199.97067,60.45696,60.45696,4013.604,5294.0
20260729T183102_bf16_eager,bf16_eager,1,188,200.61862,200.70664,60.21837,60.21837,4013.604,5294.0
20260729T183102_bf16_eager,bf16_eager,1,189,203.82771,204.05674,60.25933,60.25933,4013.604,5294.0
20260729T183102_bf16_eager,bf16_eager,1,190,200.39677,200.47513,60.27274,60.27274,4013.604,5294.0
20260729T183102_bf16_eager,bf16_eager,1,191,206.44832,206.5295,62.61043,62.61043,4013.604,5294.0
20260729T183102_bf16_eager,bf16_eager,1,192,224.10643,224.19237,64.78951,64.78951,4013.604,5294.0
20260729T183102_bf16_eager,bf16_eager,1,193,203.40141,203.48868,60.12416,60.12416,4013.604,5294.0
20260729T183102_bf16_eager,bf16_eager,1,194,221.17657,221.25886,60.27264,60.27264,4013.604,5294.0
20260729T183102_bf16_eager,bf16_eager,1,195,205.89526,205.97461,62.06362,62.06362,4013.604,5294.0
20260729T183102_bf16_eager,bf16_eager,1,196,199.10999,199.18849,60.01562,60.01562,4013.604,5294.0
20260729T183102_bf16_eager,bf16_eager,1,197,199.20134,199.27772,59.97987,59.97987,4013.604,5294.0
20260729T183102_bf16_eager,bf16_eager,1,198,198.86516,198.94183,59.98694,59.98694,4013.604,5294.0
20260729T183102_bf16_eager,bf16_eager,1,199,223.60266,223.68158,60.08627,60.08627,4013.604,5294.0
20260729T183102_bf16_eager,bf16_eager,1,200,201.0224,201.10077,59.97056,59.97056,4013.604,5294.0
20260729T183102_bf16_eager,bf16_eager,1,201,200.98627,201.06384,59.9849,59.9849,4013.604,5294.0
20260729T183102_bf16_eager,bf16_eager,1,202,200.47159,200.54739,59.90503,59.90503,4013.604,5294.0
20260729T183102_bf16_eager,bf16_eager,1,203,199.28017,199.35596,60.1815,60.1815,4013.604,5294.0
20260729T183102_bf16_eager,bf16_eager,1,204,199.45401,199.52995,60.0535,60.0535,4013.604,5294.0
20260729T183102_bf16_eager,bf16_eager,1,205,209.69418,209.77246,59.99718,59.99718,4013.604,5294.0
20260729T183102_bf16_eager,bf16_eager,1,206,202.02048,202.10345,60.35667,60.35667,4013.604,5294.0
20260729T183102_bf16_eager,bf16_eager,1,207,202.32291,202.4006,60.07597,60.07597,4013.604,5294.0
20260729T183102_bf16_eager,bf16_eager,1,208,204.82121,204.91199,60.04019,60.04019,4013.604,5294.0
20260729T183102_bf16_eager,bf16_eager,1,209,217.01318,217.11899,67.39149,67.39149,4013.604,5294.0
20260729T183102_bf16_eager,bf16_eager,1,210,206.58557,206.67578,61.0857,61.0857,4013.604,5294.0
20260729T183102_bf16_eager,bf16_eager,1,211,198.5929,198.67697,60.93715,60.93715,4013.604,5294.0
20260729T183102_bf16_eager,bf16_eager,1,212,198.72643,198.80772,61.05706,61.05706,4013.604,5294.0
20260729T183102_bf16_eager,bf16_eager,1,213,198.65482,198.76173,60.35866,60.35866,4013.604,5294.0
20260729T183102_bf16_eager,bf16_eager,1,214,200.14656,200.23111,62.53773,62.53773,4013.604,5294.0
20260729T183102_bf16_eager,bf16_eager,1,215,210.72272,210.81095,60.16512,60.16512,4013.604,5294.0
20260729T183102_bf16_eager,bf16_eager,1,216,212.84422,212.92777,64.99943,64.99943,4013.604,5294.0
20260729T183102_bf16_eager,bf16_eager,1,217,200.70215,200.94148,60.3945,60.3945,4013.604,5294.0
20260729T183102_bf16_eager,bf16_eager,1,218,204.39337,204.46989,60.19475,60.19475,4013.604,5294.0
20260729T183102_bf16_eager,bf16_eager,1,219,244.00134,244.08811,62.20698,62.20698,4013.604,5294.0
20260729T183102_bf16_eager,bf16_eager,1,220,201.03642,201.11517,61.04781,61.04781,4013.604,5294.0
20260729T183102_bf16_eager,bf16_eager,1,221,202.63411,202.7138,60.0648,60.0648,4013.604,5294.0
20260729T183102_bf16_eager,bf16_eager,1,222,207.0247,207.10545,60.02483,60.02483,4013.604,5294.0
20260729T183102_bf16_eager,bf16_eager,1,223,198.89249,198.97115,59.96851,59.96851,4013.604,5294.0
20260729T183102_bf16_eager,bf16_eager,1,224,202.27328,202.35508,60.50611,60.50611,4013.604,5294.0
20260729T183102_bf16_eager,bf16_eager,1,225,204.57043,204.65555,60.42317,60.42317,4013.604,5294.0
20260729T183102_bf16_eager,bf16_eager,1,226,199.81497,199.89286,60.15488,60.15488,4013.604,5294.0
20260729T183102_bf16_eager,bf16_eager,1,227,199.15161,199.22802,60.21232,60.21232,4013.604,5294.0
20260729T183102_bf16_eager,bf16_eager,1,228,208.24106,208.32955,60.12214,60.12214,4013.604,5294.0
20260729T183102_bf16_eager,bf16_eager,1,229,199.41046,199.48702,59.93056,59.93056,4013.604,5294.0
20260729T183102_bf16_eager,bf16_eager,1,230,202.31946,202.40465,60.06989,60.06989,4013.604,5294.0
20260729T183102_bf16_eager,bf16_eager,1,231,269.94064,270.02291,60.04941,60.04941,4013.604,5294.0
20260729T183102_bf16_eager,bf16_eager,1,232,202.43085,202.51733,60.42112,60.42112,4013.604,5294.0
20260729T183102_bf16_eager,bf16_eager,1,233,200.30333,200.38999,60.24294,60.24294,4013.604,5294.0
20260729T183102_bf16_eager,bf16_eager,1,234,204.69565,204.80247,60.23987,60.23987,4013.604,5294.0
20260729T183102_bf16_eager,bf16_eager,1,235,201.44455,201.53177,60.36794,60.36794,4013.604,5294.0
20260729T183102_bf16_eager,bf16_eager,1,236,201.3423,201.42407,60.0577,60.0577,4013.604,5294.0
20260729T183102_bf16_eager,bf16_eager,1,237,200.75436,200.83709,60.64742,60.64742,4013.604,5294.0
20260729T183102_bf16_eager,bf16_eager,1,238,202.55783,202.6396,60.49894,60.49894,4013.604,5294.0
20260729T183102_bf16_eager,bf16_eager,1,239,199.45001,199.52581,60.14874,60.14874,4013.604,5294.0
20260729T183102_bf16_eager,bf16_eager,1,240,203.23286,203.46435,60.42522,60.42522,4013.604,5294.0
20260729T183102_bf16_eager,bf16_eager,1,241,202.86861,202.95174,60.58304,60.58304,4013.604,5294.0
20260729T183102_bf16_eager,bf16_eager,1,242,200.93715,201.0176,61.77997,61.77997,4013.604,5294.0
20260729T183102_bf16_eager,bf16_eager,1,243,200.61772,200.7036,60.05965,60.05965,4013.604,5294.0
20260729T183102_bf16_eager,bf16_eager,1,244,198.87671,198.95196,60.15795,60.15795,4013.604,5294.0
20260729T183102_bf16_eager,bf16_eager,1,245,201.37091,201.45196,60.06579,60.06579,4013.604,5294.0
20260729T183102_bf16_eager,bf16_eager,1,246,202.09639,202.17347,60.12416,60.12416,4013.604,5294.0
20260729T183102_bf16_eager,bf16_eager,1,247,199.76579,199.84717,60.44272,60.44272,4013.604,5294.0
20260729T183102_bf16_eager,bf16_eager,1,248,199.58902,199.66812,60.13543,60.13543,4013.604,5294.0
20260729T183102_bf16_eager,bf16_eager,1,249,199.10751,199.18403,60.20813,60.20813,4013.604,5294.0
20260729T183102_bf16_eager,bf16_eager,1,250,199.74611,199.82907,60.23168,60.23168,4013.604,5294.0
20260729T183102_bf16_eager,bf16_eager,1,251,199.08493,199.16231,60.06067,60.06067,4013.604,5294.0
20260729T183102_bf16_eager,bf16_eager,1,252,223.84003,223.94117,63.60589,63.60589,4013.604,5294.0
20260729T183102_bf16_eager,bf16_eager,1,253,214.77687,214.86107,60.60237,60.60237,4013.604,5294.0
20260729T183102_bf16_eager,bf16_eager,1,254,207.03479,207.11954,60.29619,60.29619,4013.604,5294.0
20260729T183102_bf16_eager,bf16_eager,1,255,200.49651,200.57575,60.67008,60.67008,4013.604,5294.0
20260729T183102_bf16_eager,bf16_eager,1,256,199.03616,199.11607,59.9767,59.9767,4013.604,5294.0
20260729T183102_bf16_eager,bf16_eager,1,257,199.87846,199.95537,60.68224,60.68224,4013.604,5294.0
20260729T183102_bf16_eager,bf16_eager,1,258,200.44554,200.52513,60.23782,60.23782,4013.604,5294.0
20260729T183102_bf16_eager,bf16_eager,1,259,198.95251,199.02949,60.06272,60.06272,4013.604,5294.0
20260729T183102_bf16_eager,bf16_eager,1,260,198.92435,199.00055,60.03712,60.03712,4013.604,5294.0
20260729T183102_bf16_eager,bf16_eager,1,261,198.94685,199.02385,59.92749,59.92749,4013.604,5294.0
20260729T183102_bf16_eager,bf16_eager,1,262,199.63843,199.71686,60.34534,60.34534,4013.604,5294.0
20260729T183102_bf16_eager,bf16_eager,1,263,198.60368,198.67984,59.90496,59.90496,4013.604,5294.0
20260729T183102_bf16_eager,bf16_eager,1,264,199.54652,199.63004,60.04029,60.04029,4013.604,5294.0
20260729T183102_bf16_eager,bf16_eager,1,265,206.30391,206.39967,64.52736,64.52736,4013.604,5294.0
20260729T183102_bf16_eager,bf16_eager,1,266,200.48912,200.56875,63.0016,63.0016,4013.604,5294.0
20260729T183102_bf16_eager,bf16_eager,1,267,217.12077,217.19796,60.38835,60.38835,4013.604,5294.0
20260729T183102_bf16_eager,bf16_eager,1,268,196.51482,196.59236,60.35558,60.35558,4013.604,5294.0
20260729T183102_bf16_eager,bf16_eager,1,269,197.69594,197.78344,61.00787,61.00787,4013.604,5294.0
20260729T183102_bf16_eager,bf16_eager,1,270,198.93738,199.0192,61.71136,61.71136,4013.604,5294.0
20260729T183102_bf16_eager,bf16_eager,1,271,198.81783,198.89538,62.26637,62.26637,4013.604,5294.0
20260729T183102_bf16_eager,bf16_eager,1,272,198.716,198.80563,60.54608,60.54608,4013.604,5294.0
20260729T183102_bf16_eager,bf16_eager,1,273,196.18381,196.25945,60.07603,60.07603,4013.604,5294.0
20260729T183102_bf16_eager,bf16_eager,1,274,196.39062,196.46968,60.08525,60.08525,4013.604,5294.0
20260729T183102_bf16_eager,bf16_eager,1,275,196.86729,196.94268,60.6536,60.6536,4013.604,5294.0
20260729T183102_bf16_eager,bf16_eager,1,276,203.77446,203.86295,62.72205,62.72205,4013.604,5294.0
20260729T183102_bf16_eager,bf16_eager,1,277,202.41043,202.4866,59.98381,59.98381,4013.604,5294.0
20260729T183102_bf16_eager,bf16_eager,1,278,201.18909,201.29934,60.70989,60.70989,4013.604,5294.0
20260729T183102_bf16_eager,bf16_eager,1,279,200.78215,200.86579,59.98806,59.98806,4013.604,5294.0
20260729T183102_bf16_eager,bf16_eager,1,280,199.61229,199.69042,59.99616,59.99616,4013.604,5294.0
20260729T183102_bf16_eager,bf16_eager,1,281,199.11424,199.19038,60.11085,60.11085,4013.604,5294.0
20260729T183102_bf16_eager,bf16_eager,1,282,199.20551,199.42983,60.30541,60.30541,4013.604,5294.0
20260729T183102_bf16_eager,bf16_eager,1,283,202.58083,202.65737,60.46208,60.46208,4013.604,5294.0
20260729T183102_bf16_eager,bf16_eager,1,284,204.11086,204.19571,62.88589,62.88589,4013.604,5294.0
20260729T183102_bf16_eager,bf16_eager,1,285,200.06647,200.14408,60.63821,60.63821,4013.604,5294.0
20260729T183102_bf16_eager,bf16_eager,1,286,198.77293,198.84741,59.94912,59.94912,4013.604,5294.0
20260729T183102_bf16_eager,bf16_eager,1,287,200.87376,200.95777,60.23168,60.23168,4013.604,5294.0
20260729T183102_bf16_eager,bf16_eager,1,288,199.69853,199.77426,60.00742,60.00742,4013.604,5294.0
20260729T183102_bf16_eager,bf16_eager,1,289,204.89926,204.97209,59.90503,59.90503,4013.604,5294.0
20260729T183102_bf16_eager,bf16_eager,1,290,200.20944,200.28997,60.12922,60.12922,4013.604,5294.0
20260729T183102_bf16_eager,bf16_eager,1,291,208.51949,208.60417,61.55059,61.55059,4013.604,5294.0
20260729T183102_bf16_eager,bf16_eager,1,292,198.00342,198.08453,61.79942,61.79942,4013.604,5294.0
20260729T183102_bf16_eager,bf16_eager,1,293,196.90643,196.98442,60.21222,60.21222,4013.604,5294.0
20260729T183102_bf16_eager,bf16_eager,1,294,199.91805,199.9944,60.25011,60.25011,4013.604,5294.0
20260729T183102_bf16_eager,bf16_eager,1,295,199.10272,199.17922,60.12416,60.12416,4013.604,5294.0
20260729T183102_bf16_eager,bf16_eager,1,296,198.87549,198.95124,60.14365,60.14365,4013.604,5294.0
20260729T183102_bf16_eager,bf16_eager,1,297,198.87943,198.95532,60.1191,60.1191,4013.604,5294.0
20260729T183102_bf16_eager,bf16_eager,1,298,198.80739,198.88398,59.94291,59.94291,4013.604,5294.0
20260729T183102_bf16_eager,bf16_eager,1,299,199.28915,199.36493,59.8825,59.8825,4013.604,5294.0
20260729T183102_bf16_eager,bf16_eager,2,0,275.82361,275.9127,60.56858,60.56858,4013.604,5294.0
20260729T183102_bf16_eager,bf16_eager,2,1,210.70573,210.78791,60.16819,60.16819,4013.604,5294.0
20260729T183102_bf16_eager,bf16_eager,2,2,210.66377,210.74995,66.56717,66.56717,4013.604,5294.0
20260729T183102_bf16_eager,bf16_eager,2,3,262.57983,262.66607,65.61687,65.61687,4013.604,5294.0
20260729T183102_bf16_eager,bf16_eager,2,4,198.44975,198.53127,62.16806,62.16806,4013.604,5294.0
20260729T183102_bf16_eager,bf16_eager,2,5,211.07056,211.14915,60.25319,60.25319,4013.604,5294.0
20260729T183102_bf16_eager,bf16_eager,2,6,197.71184,197.79259,60.15693,60.15693,4013.604,5294.0
20260729T183102_bf16_eager,bf16_eager,2,7,198.74876,198.83856,62.09638,62.09638,4013.604,5294.0
20260729T183102_bf16_eager,bf16_eager,2,8,207.49921,207.57554,60.07706,60.07706,4013.604,5294.0
20260729T183102_bf16_eager,bf16_eager,2,9,201.55258,201.63448,61.53728,61.53728,4013.604,5294.0
20260729T183102_bf16_eager,bf16_eager,2,10,201.3936,201.47503,62.34003,62.34003,4013.604,5294.0
20260729T183102_bf16_eager,bf16_eager,2,11,212.84038,212.92502,73.0583,73.0583,4013.604,5294.0
20260729T183102_bf16_eager,bf16_eager,2,12,206.19194,206.27285,60.20813,60.20813,4013.604,5294.0
20260729T183102_bf16_eager,bf16_eager,2,13,199.36887,199.44482,60.03917,60.03917,4013.604,5294.0
20260729T183102_bf16_eager,bf16_eager,2,14,197.09235,197.17752,60.15382,60.15382,4013.604,5294.0
20260729T183102_bf16_eager,bf16_eager,2,15,274.22043,274.30317,63.35181,63.35181,4013.604,5294.0
20260729T183102_bf16_eager,bf16_eager,2,16,203.19354,203.26995,66.87949,66.87949,4013.604,5294.0
20260729T183102_bf16_eager,bf16_eager,2,17,199.89401,199.97281,61.59872,61.59872,4013.604,5294.0
20260729T183102_bf16_eager,bf16_eager,2,18,198.44154,198.51858,60.02483,60.02483,4013.604,5294.0
20260729T183102_bf16_eager,bf16_eager,2,19,198.85495,198.93109,60.12723,60.12723,4013.604,5294.0
20260729T183102_bf16_eager,bf16_eager,2,20,203.70343,203.77814,60.38118,60.38118,4013.604,5294.0
20260729T183102_bf16_eager,bf16_eager,2,21,198.66605,198.74395,60.14874,60.14874,4013.604,5294.0
20260729T183102_bf16_eager,bf16_eager,2,22,242.44899,242.52915,62.26022,62.26022,4013.604,5294.0
20260729T183102_bf16_eager,bf16_eager,2,23,200.68217,200.76384,60.66688,60.66688,4013.604,5294.0
20260729T183102_bf16_eager,bf16_eager,2,24,201.37773,201.45544,60.58291,60.58291,4013.604,5294.0
20260729T183102_bf16_eager,bf16_eager,2,25,199.14825,199.23676,60.2624,60.2624,4013.604,5294.0
20260729T183102_bf16_eager,bf16_eager,2,26,220.71216,220.79141,60.1344,60.1344,4013.604,5294.0
20260729T183102_bf16_eager,bf16_eager,2,27,199.63805,199.71473,60.1161,60.1161,4013.604,5294.0
20260729T183102_bf16_eager,bf16_eager,2,28,200.68544,200.76584,60.87671,60.87671,4013.604,5294.0
20260729T183102_bf16_eager,bf16_eager,2,29,202.58861,202.66684,60.4201,60.4201,4013.604,5294.0
20260729T183102_bf16_eager,bf16_eager,2,30,198.98119,199.06222,60.08422,60.08422,4013.604,5294.0
20260729T183102_bf16_eager,bf16_eager,2,31,223.22441,223.30914,60.89114,60.89114,4013.604,5294.0
20260729T183102_bf16_eager,bf16_eager,2,32,204.32121,204.40411,60.27162,60.27162,4013.604,5294.0
20260729T183102_bf16_eager,bf16_eager,2,33,203.07388,203.15214,61.10617,61.10617,4013.604,5294.0
20260729T183102_bf16_eager,bf16_eager,2,34,202.31117,202.39835,60.05248,60.05248,4013.604,5294.0
20260729T183102_bf16_eager,bf16_eager,2,35,265.47217,265.5549,60.11904,60.11904,4013.604,5294.0
20260729T183102_bf16_eager,bf16_eager,2,36,199.58813,199.66436,60.29514,60.29514,4013.604,5294.0
20260729T183102_bf16_eager,bf16_eager,2,37,198.31706,198.38966,59.93782,59.93782,4013.604,5294.0
20260729T183102_bf16_eager,bf16_eager,2,38,221.59441,221.67247,61.89466,61.89466,4013.604,5294.0
20260729T183102_bf16_eager,bf16_eager,2,39,198.64746,198.7258,59.92858,59.92858,4013.604,5294.0
20260729T183102_bf16_eager,bf16_eager,2,40,200.12489,200.21028,60.40883,60.40883,4013.604,5294.0
20260729T183102_bf16_eager,bf16_eager,2,41,260.82224,260.90477,60.16512,60.16512,4013.604,5294.0
20260729T183102_bf16_eager,bf16_eager,2,42,202.25056,202.33141,61.57312,61.57312,4013.604,5294.0
20260729T183102_bf16_eager,bf16_eager,2,43,201.38652,201.4656,60.32691,60.32691,4013.604,5294.0
20260729T183102_bf16_eager,bf16_eager,2,44,204.45853,204.54095,61.27923,61.27923,4013.604,5294.0
20260729T183102_bf16_eager,bf16_eager,2,45,256.99121,257.07301,60.23475,60.23475,4013.604,5294.0
20260729T183102_bf16_eager,bf16_eager,2,46,249.30278,249.38471,60.20403,60.20403,4013.604,5294.0
20260729T183102_bf16_eager,bf16_eager,2,47,207.60585,207.68469,60.31155,60.31155,4013.604,5294.0
20260729T183102_bf16_eager,bf16_eager,2,48,271.69846,271.78212,61.6919,61.6919,4013.604,5294.0
20260729T183102_bf16_eager,bf16_eager,2,49,213.65187,213.72938,60.22861,60.22861,4013.604,5294.0
20260729T183102_bf16_eager,bf16_eager,2,50,205.68333,205.76534,60.21632,60.21632,4013.604,5294.0
20260729T183102_bf16_eager,bf16_eager,2,51,225.18816,225.26541,60.08627,60.08627,4013.604,5294.0
20260729T183102_bf16_eager,bf16_eager,2,52,219.55156,219.6303,59.99718,59.99718,4013.604,5294.0
20260729T183102_bf16_eager,bf16_eager,2,53,216.55481,216.63008,60.03811,60.03811,4013.604,5294.0
20260729T183102_bf16_eager,bf16_eager,2,54,203.09933,203.17753,60.13235,60.13235,4013.604,5294.0
20260729T183102_bf16_eager,bf16_eager,2,55,201.57405,201.6493,60.02279,60.02279,4013.604,5294.0
20260729T183102_bf16_eager,bf16_eager,2,56,202.36496,202.44253,60.12,60.12,4013.604,5294.0
20260729T183102_bf16_eager,bf16_eager,2,57,205.43047,205.51653,60.00947,60.00947,4013.604,5294.0
20260729T183102_bf16_eager,bf16_eager,2,58,218.54454,218.62503,60.46925,60.46925,4013.604,5294.0
20260729T183102_bf16_eager,bf16_eager,2,59,199.38118,199.46613,60.02279,60.02279,4013.604,5294.0
20260729T183102_bf16_eager,bf16_eager,2,60,199.06023,199.13785,60.25114,60.25114,4013.604,5294.0
20260729T183102_bf16_eager,bf16_eager,2,61,204.89319,204.9804,60.05965,60.05965,4013.604,5294.0
20260729T183102_bf16_eager,bf16_eager,2,62,201.90025,201.97591,60.29837,60.29837,4013.604,5294.0
20260729T183102_bf16_eager,bf16_eager,2,63,231.50832,231.58434,60.01366,60.01366,4013.604,5294.0
20260729T183102_bf16_eager,bf16_eager,2,64,199.31671,199.39336,60.35862,60.35862,4013.604,5294.0
20260729T183102_bf16_eager,bf16_eager,2,65,200.50342,200.58563,60.34534,60.34534,4013.604,5294.0
20260729T183102_bf16_eager,bf16_eager,2,66,202.30234,202.37727,59.93984,59.93984,4013.604,5294.0
20260729T183102_bf16_eager,bf16_eager,2,67,200.20227,200.27805,60.01657,60.01657,4013.604,5294.0
20260729T183102_bf16_eager,bf16_eager,2,68,204.18988,204.26467,60.16512,60.16512,4013.604,5294.0
20260729T183102_bf16_eager,bf16_eager,2,69,199.27731,199.35459,60.40678,60.40678,4013.604,5294.0
20260729T183102_bf16_eager,bf16_eager,2,70,198.90614,198.98354,60.11594,60.11594,4013.604,5294.0
20260729T183102_bf16_eager,bf16_eager,2,71,199.21988,199.29446,59.97261,59.97261,4013.604,5294.0
20260729T183102_bf16_eager,bf16_eager,2,72,200.13901,200.21494,60.12518,60.12518,4013.604,5294.0
20260729T183102_bf16_eager,bf16_eager,2,73,270.01736,270.09559,60.35866,60.35866,4013.604,5294.0
20260729T183102_bf16_eager,bf16_eager,2,74,199.63702,199.71511,59.95008,59.95008,4013.604,5294.0
20260729T183102_bf16_eager,bf16_eager,2,75,198.36038,198.43575,59.96851,59.96851,4013.604,5294.0
20260729T183102_bf16_eager,bf16_eager,2,76,270.18005,270.25861,60.20608,60.20608,4013.604,5294.0
20260729T183102_bf16_eager,bf16_eager,2,77,201.46205,201.5364,60.12928,60.12928,4013.604,5294.0
20260729T183102_bf16_eager,bf16_eager,2,78,198.50554,198.57972,59.97568,59.97568,4013.604,5294.0
20260729T183102_bf16_eager,bf16_eager,2,79,198.40883,198.48479,60.06579,60.06579,4013.604,5294.0
20260729T183102_bf16_eager,bf16_eager,2,80,219.29994,219.37418,59.97056,59.97056,4013.604,5294.0
20260729T183102_bf16_eager,bf16_eager,2,81,198.38957,198.46428,59.9552,59.9552,4013.604,5294.0
20260729T183102_bf16_eager,bf16_eager,2,82,202.33434,202.40799,59.96237,59.96237,4013.604,5294.0
20260729T183102_bf16_eager,bf16_eager,2,83,202.19136,202.26543,59.90413,59.90413,4013.604,5294.0
20260729T183102_bf16_eager,bf16_eager,2,84,198.43484,198.5086,59.99213,59.99213,4013.604,5294.0
20260729T183102_bf16_eager,bf16_eager,2,85,198.39655,198.4743,59.84973,59.84973,4013.604,5294.0
20260729T183102_bf16_eager,bf16_eager,2,86,203.57481,203.64995,60.22861,60.22861,4013.604,5294.0
20260729T183102_bf16_eager,bf16_eager,2,87,201.69203,201.76655,59.89376,59.89376,4013.604,5294.0
20260729T183102_bf16_eager,bf16_eager,2,88,223.70732,223.7843,59.99309,59.99309,4013.604,5294.0
20260729T183102_bf16_eager,bf16_eager,2,89,199.368,199.44474,59.97977,59.97977,4013.604,5294.0
20260729T183102_bf16_eager,bf16_eager,2,90,199.00291,199.07967,60.17843,60.17843,4013.604,5294.0
20260729T183102_bf16_eager,bf16_eager,2,91,202.39113,202.46746,60.02275,60.02275,4013.604,5294.0
20260729T183102_bf16_eager,bf16_eager,2,92,214.83325,214.91667,62.55411,62.55411,4013.604,5294.0
20260729T183102_bf16_eager,bf16_eager,2,93,210.27361,210.35133,60.83482,60.83482,4013.604,5294.0
20260729T183102_bf16_eager,bf16_eager,2,94,200.17731,200.25691,60.14157,60.14157,4013.604,5294.0
20260729T183102_bf16_eager,bf16_eager,2,95,216.71292,216.7961,66.4576,66.4576,4013.604,5294.0
20260729T183102_bf16_eager,bf16_eager,2,96,203.22758,203.31109,63.09274,63.09274,4013.604,5294.0
20260729T183102_bf16_eager,bf16_eager,2,97,208.91612,208.99808,62.63603,62.63603,4013.604,5294.0
20260729T183102_bf16_eager,bf16_eager,2,98,216.83366,216.91228,60.48675,60.48675,4013.604,5294.0
20260729T183102_bf16_eager,bf16_eager,2,99,202.31363,202.39382,61.89978,61.89978,4013.604,5294.0
20260729T183102_bf16_eager,bf16_eager,2,100,213.80415,213.88685,60.15181,60.15181,4013.604,5294.0
20260729T183102_bf16_eager,bf16_eager,2,101,202.25833,202.34009,62.03802,62.03802,4013.604,5294.0
20260729T183102_bf16_eager,bf16_eager,2,102,199.91545,199.99059,60.47334,60.47334,4013.604,5294.0
20260729T183102_bf16_eager,bf16_eager,2,103,199.04605,199.12593,59.95725,59.95725,4013.604,5294.0
20260729T183102_bf16_eager,bf16_eager,2,104,211.05341,211.13173,60.30951,60.30951,4013.604,5294.0
20260729T183102_bf16_eager,bf16_eager,2,105,203.59039,203.66649,60.04736,60.04736,4013.604,5294.0
20260729T183102_bf16_eager,bf16_eager,2,106,207.78583,207.86345,60.12416,60.12416,4013.604,5294.0
20260729T183102_bf16_eager,bf16_eager,2,107,198.62627,198.70966,59.96851,59.96851,4013.604,5294.0
20260729T183102_bf16_eager,bf16_eager,2,108,203.88643,203.96503,60.21222,60.21222,4013.604,5294.0
20260729T183102_bf16_eager,bf16_eager,2,109,254.81757,254.89988,60.48563,60.48563,4013.604,5294.0
20260729T183102_bf16_eager,bf16_eager,2,110,201.27644,201.3574,61.82605,61.82605,4013.604,5294.0
20260729T183102_bf16_eager,bf16_eager,2,111,262.6857,262.77138,60.94131,60.94131,4013.604,5294.0
20260729T183102_bf16_eager,bf16_eager,2,112,200.36505,200.44576,60.11904,60.11904,4013.604,5294.0
20260729T183102_bf16_eager,bf16_eager,2,113,260.86606,260.94281,59.96646,59.96646,4013.604,5294.0
20260729T183102_bf16_eager,bf16_eager,2,114,200.24384,200.3196,60.20717,60.20717,4013.604,5294.0
20260729T183102_bf16_eager,bf16_eager,2,115,244.02573,244.1054,61.59769,61.59769,4013.604,5294.0
20260729T183102_bf16_eager,bf16_eager,2,116,197.59558,197.67611,60.52352,60.52352,4013.604,5294.0
20260729T183102_bf16_eager,bf16_eager,2,117,198.05676,198.13284,60.04122,60.04122,4013.604,5294.0
20260729T183102_bf16_eager,bf16_eager,2,118,201.28032,201.35975,61.5895,61.5895,4013.604,5294.0
20260729T183102_bf16_eager,bf16_eager,2,119,205.12189,205.20135,62.11994,62.11994,4013.604,5294.0
20260729T183102_bf16_eager,bf16_eager,2,120,201.41475,201.49096,60.07501,60.07501,4013.604,5294.0
20260729T183102_bf16_eager,bf16_eager,2,121,216.03127,216.10822,60.08413,60.08413,4013.604,5294.0
20260729T183102_bf16_eager,bf16_eager,2,122,199.03404,199.10976,59.98182,59.98182,4013.604,5294.0
20260729T183102_bf16_eager,bf16_eager,2,123,202.31503,202.39274,61.53011,61.53011,4013.604,5294.0
20260729T183102_bf16_eager,bf16_eager,2,124,200.56227,200.63705,61.90694,61.90694,4013.604,5294.0
20260729T183102_bf16_eager,bf16_eager,2,125,202.73747,202.8135,62.83981,62.83981,4013.604,5294.0
20260729T183102_bf16_eager,bf16_eager,2,126,207.15424,207.23164,60.17434,60.17434,4013.604,5294.0
20260729T183102_bf16_eager,bf16_eager,2,127,199.27757,199.35103,59.91424,59.91424,4013.604,5294.0
20260729T183102_bf16_eager,bf16_eager,2,128,199.03539,199.11029,60.16,60.16,4013.604,5294.0
20260729T183102_bf16_eager,bf16_eager,2,129,198.53302,198.60786,59.9808,59.9808,4013.604,5294.0
20260729T183102_bf16_eager,bf16_eager,2,130,222.92947,223.00515,59.91833,59.91833,4013.604,5294.0
20260729T183102_bf16_eager,bf16_eager,2,131,209.9328,210.00701,59.99424,59.99424,4013.604,5294.0
20260729T183102_bf16_eager,bf16_eager,2,132,198.5546,198.62847,60.17126,60.17126,4013.604,5294.0
20260729T183102_bf16_eager,bf16_eager,2,133,200.4512,200.52495,60.08416,60.08416,4013.604,5294.0
20260729T183102_bf16_eager,bf16_eager,2,134,199.24327,199.31749,60.06797,60.06797,4013.604,5294.0
20260729T183102_bf16_eager,bf16_eager,2,135,201.50793,201.58293,59.91629,59.91629,4013.604,5294.0
20260729T183102_bf16_eager,bf16_eager,2,136,198.41052,198.48607,59.89171,59.89171,4013.604,5294.0
20260729T183102_bf16_eager,bf16_eager,2,137,201.93111,202.00922,60.22749,60.22749,4013.604,5294.0
20260729T183102_bf16_eager,bf16_eager,2,138,266.94412,267.02153,60.17229,60.17229,4013.604,5294.0
20260729T183102_bf16_eager,bf16_eager,2,139,209.89313,209.97189,60.06579,60.06579,4013.604,5294.0
20260729T183102_bf16_eager,bf16_eager,2,140,198.7998,198.88439,60.22247,60.22247,4013.604,5294.0
20260729T183102_bf16_eager,bf16_eager,2,141,198.38669,198.46328,60.17434,60.17434,4013.604,5294.0
20260729T183102_bf16_eager,bf16_eager,2,142,198.96532,199.04447,60.14157,60.14157,4013.604,5294.0
20260729T183102_bf16_eager,bf16_eager,2,143,266.83719,266.92464,60.10061,60.10061,4013.604,5294.0
20260729T183102_bf16_eager,bf16_eager,2,144,214.9799,215.05993,60.3945,60.3945,4013.604,5294.0
20260729T183102_bf16_eager,bf16_eager,2,145,209.67395,209.75362,62.03494,62.03494,4013.604,5294.0
20260729T183102_bf16_eager,bf16_eager,2,146,199.3243,199.40262,60.52352,60.52352,4013.604,5294.0
20260729T183102_bf16_eager,bf16_eager,2,147,198.81447,198.88994,60.01248,60.01248,4013.604,5294.0
20260729T183102_bf16_eager,bf16_eager,2,148,199.29353,199.37023,60.57165,60.57165,4013.604,5294.0
20260729T183102_bf16_eager,bf16_eager,2,149,199.68098,199.75604,60.23987,60.23987,4013.604,5294.0
20260729T183102_bf16_eager,bf16_eager,2,150,210.79507,210.88556,62.40665,62.40665,4013.604,5294.0
20260729T183102_bf16_eager,bf16_eager,2,151,201.91168,201.99494,61.59667,61.59667,4013.604,5294.0
20260729T183102_bf16_eager,bf16_eager,2,152,199.51558,199.59469,60.46413,60.46413,4013.604,5294.0
20260729T183102_bf16_eager,bf16_eager,2,153,202.25687,202.33581,60.21837,60.21837,4013.604,5294.0
20260729T183102_bf16_eager,bf16_eager,2,154,202.112,202.18839,59.96646,59.96646,4013.604,5294.0
20260729T183102_bf16_eager,bf16_eager,2,155,198.75584,198.83214,59.84256,59.84256,4013.604,5294.0
20260729T183102_bf16_eager,bf16_eager,2,156,200.45226,200.52732,61.29562,61.29562,4013.604,5294.0
20260729T183102_bf16_eager,bf16_eager,2,157,272.57196,272.66228,62.01139,62.01139,4013.604,5294.0
20260729T183102_bf16_eager,bf16_eager,2,158,206.4017,206.48155,60.11802,60.11802,4013.604,5294.0
20260729T183102_bf16_eager,bf16_eager,2,159,214.91489,214.99205,60.31258,60.31258,4013.604,5294.0
20260729T183102_bf16_eager,bf16_eager,2,160,199.60211,199.6752,60.22342,60.22342,4013.604,5294.0
20260729T183102_bf16_eager,bf16_eager,2,161,200.2625,200.34098,60.15385,60.15385,4013.604,5294.0
20260729T183102_bf16_eager,bf16_eager,2,162,209.7623,209.84046,60.58189,60.58189,4013.604,5294.0
20260729T183102_bf16_eager,bf16_eager,2,163,248.74599,248.824,60.09958,60.09958,4013.604,5294.0
20260729T183102_bf16_eager,bf16_eager,2,164,200.74147,200.82235,60.20195,60.20195,4013.604,5294.0
20260729T183102_bf16_eager,bf16_eager,2,165,202.96935,203.05169,60.33613,60.33613,4013.604,5294.0
20260729T183102_bf16_eager,bf16_eager,2,166,204.63289,204.70886,60.17331,60.17331,4013.604,5294.0
20260729T183102_bf16_eager,bf16_eager,2,167,200.46669,200.54333,60.01664,60.01664,4013.604,5294.0
20260729T183102_bf16_eager,bf16_eager,2,168,209.11533,209.19178,60.15283,60.15283,4013.604,5294.0
20260729T183102_bf16_eager,bf16_eager,2,169,198.8513,198.92444,59.99936,59.99936,4013.604,5294.0
20260729T183102_bf16_eager,bf16_eager,2,170,199.94951,200.03214,60.31974,60.31974,4013.604,5294.0
20260729T183102_bf16_eager,bf16_eager,2,171,200.21584,200.29215,60.32998,60.32998,4013.604,5294.0
20260729T183102_bf16_eager,bf16_eager,2,172,206.3255,206.41039,62.93299,62.93299,4013.604,5294.0
20260729T183102_bf16_eager,bf16_eager,2,173,203.09975,203.17911,60.25421,60.25421,4013.604,5294.0
20260729T183102_bf16_eager,bf16_eager,2,174,206.13388,206.2288,62.25408,62.25408,4013.604,5294.0
20260729T183102_bf16_eager,bf16_eager,2,175,206.54025,206.6207,62.34726,62.34726,4013.604,5294.0
20260729T183102_bf16_eager,bf16_eager,2,176,198.5968,198.6883,60.09856,60.09856,4013.604,5294.0
20260729T183102_bf16_eager,bf16_eager,2,177,200.01321,200.094,60.00537,60.00537,4013.604,5294.0
20260729T183102_bf16_eager,bf16_eager,2,178,198.34297,198.42111,60.58189,60.58189,4013.604,5294.0
20260729T183102_bf16_eager,bf16_eager,2,179,200.62093,200.70227,63.19309,63.19309,4013.604,5294.0
20260729T183102_bf16_eager,bf16_eager,2,180,201.85942,201.94301,64.13824,64.13824,4013.604,5294.0
20260729T183102_bf16_eager,bf16_eager,2,181,205.72278,205.80149,62.49165,62.49165,4013.604,5294.0
20260729T183102_bf16_eager,bf16_eager,2,182,218.41837,218.50067,61.95507,61.95507,4013.604,5294.0
20260729T183102_bf16_eager,bf16_eager,2,183,198.96912,199.04914,61.09184,61.09184,4013.604,5294.0
20260729T183102_bf16_eager,bf16_eager,2,184,197.49414,197.76522,60.74058,60.74058,4013.604,5294.0
20260729T183102_bf16_eager,bf16_eager,2,185,201.59053,201.67429,63.61904,63.61904,4013.604,5294.0
20260729T183102_bf16_eager,bf16_eager,2,186,272.62433,272.71056,61.51485,61.51485,4013.604,5294.0
20260729T183102_bf16_eager,bf16_eager,2,187,199.66905,199.74688,60.00736,60.00736,4013.604,5294.0
20260729T183102_bf16_eager,bf16_eager,2,188,266.59753,266.67397,60.11802,60.11802,4013.604,5294.0
20260729T183102_bf16_eager,bf16_eager,2,189,201.4015,201.47781,62.93497,62.93497,4013.604,5294.0
20260729T183102_bf16_eager,bf16_eager,2,190,199.15584,199.23019,60.22758,60.22758,4013.604,5294.0
20260729T183102_bf16_eager,bf16_eager,2,191,198.44849,198.52501,60.17331,60.17331,4013.604,5294.0
20260729T183102_bf16_eager,bf16_eager,2,192,270.03967,270.11381,60.0944,60.0944,4013.604,5294.0
20260729T183102_bf16_eager,bf16_eager,2,193,201.99222,202.06901,59.9399,59.9399,4013.604,5294.0
20260729T183102_bf16_eager,bf16_eager,2,194,198.65236,198.72609,60.26755,60.26755,4013.604,5294.0
20260729T183102_bf16_eager,bf16_eager,2,195,207.43021,207.50555,60.00336,60.00336,4013.604,5294.0
20260729T183102_bf16_eager,bf16_eager,2,196,201.46358,201.53833,60.16512,60.16512,4013.604,5294.0
20260729T183102_bf16_eager,bf16_eager,2,197,201.80217,201.87719,59.98387,59.98387,4013.604,5294.0
20260729T183102_bf16_eager,bf16_eager,2,198,212.36543,212.44407,59.99411,59.99411,4013.604,5294.0
20260729T183102_bf16_eager,bf16_eager,2,199,198.88957,198.96522,60.0064,60.0064,4013.604,5294.0
20260729T183102_bf16_eager,bf16_eager,2,200,199.29193,199.36881,60.38323,60.38323,4013.604,5294.0
20260729T183102_bf16_eager,bf16_eager,2,201,198.94646,199.02141,60.19366,60.19366,4013.604,5294.0
20260729T183102_bf16_eager,bf16_eager,2,202,236.9407,237.01587,60.10368,60.10368,4013.604,5294.0
20260729T183102_bf16_eager,bf16_eager,2,203,198.50131,198.57615,59.88966,59.88966,4013.604,5294.0
20260729T183102_bf16_eager,bf16_eager,2,204,198.62048,198.69507,60.00742,60.00742,4013.604,5294.0
20260729T183102_bf16_eager,bf16_eager,2,205,201.24553,201.31985,60.22349,60.22349,4013.604,5294.0
20260729T183102_bf16_eager,bf16_eager,2,206,199.45412,199.52939,60.30131,60.30131,4013.604,5294.0
20260729T183102_bf16_eager,bf16_eager,2,207,199.29501,199.37123,60.13338,60.13338,4013.604,5294.0
20260729T183102_bf16_eager,bf16_eager,2,208,202.41187,202.49488,60.19168,60.19168,4013.604,5294.0
20260729T183102_bf16_eager,bf16_eager,2,209,198.81683,198.8914,59.99309,59.99309,4013.604,5294.0
20260729T183102_bf16_eager,bf16_eager,2,210,199.06822,199.14185,60.0873,60.0873,4013.604,5294.0
20260729T183102_bf16_eager,bf16_eager,2,211,198.55206,198.63324,59.98694,59.98694,4013.604,5294.0
20260729T183102_bf16_eager,bf16_eager,2,212,198.51526,198.58966,59.99411,59.99411,4013.604,5294.0
20260729T183102_bf16_eager,bf16_eager,2,213,202.20448,202.27941,60.60237,60.60237,4013.604,5294.0
20260729T183102_bf16_eager,bf16_eager,2,214,212.25171,212.33158,60.18963,60.18963,4013.604,5294.0
20260729T183102_bf16_eager,bf16_eager,2,215,199.4144,199.48997,59.93465,59.93465,4013.604,5294.0
20260729T183102_bf16_eager,bf16_eager,2,216,237.06125,237.14033,61.1328,61.1328,4013.604,5294.0
20260729T183102_bf16_eager,bf16_eager,2,217,262.4949,262.57125,59.96135,59.96135,4013.604,5294.0
20260729T183102_bf16_eager,bf16_eager,2,218,198.73686,198.80966,59.95008,59.95008,4013.604,5294.0
20260729T183102_bf16_eager,bf16_eager,2,219,207.88077,207.95853,60.20506,60.20506,4013.604,5294.0
20260729T183102_bf16_eager,bf16_eager,2,220,199.02118,199.10071,60.60237,60.60237,4013.604,5294.0
20260729T183102_bf16_eager,bf16_eager,2,221,266.2283,266.3058,60.0392,60.0392,4013.604,5294.0
20260729T183102_bf16_eager,bf16_eager,2,222,218.61121,218.68593,60.12621,60.12621,4013.604,5294.0
20260729T183102_bf16_eager,bf16_eager,2,223,223.33801,223.41494,60.08618,60.08618,4013.604,5294.0
20260729T183102_bf16_eager,bf16_eager,2,224,266.91025,266.98604,59.86406,59.86406,4013.604,5294.0
20260729T183102_bf16_eager,bf16_eager,2,225,198.27066,198.34458,59.94189,59.94189,4013.604,5294.0
20260729T183102_bf16_eager,bf16_eager,2,226,212.16211,212.23738,60.12826,60.12826,4013.604,5294.0
20260729T183102_bf16_eager,bf16_eager,2,227,198.05737,198.12877,59.97056,59.97056,4013.604,5294.0
20260729T183102_bf16_eager,bf16_eager,2,228,198.34595,198.42232,59.93062,59.93062,4013.604,5294.0
20260729T183102_bf16_eager,bf16_eager,2,229,198.81642,198.89125,59.98387,59.98387,4013.604,5294.0
20260729T183102_bf16_eager,bf16_eager,2,230,201.0361,201.1152,60.58803,60.58803,4013.604,5294.0
20260729T183102_bf16_eager,bf16_eager,2,231,199.03004,199.1125,60.13543,60.13543,4013.604,5294.0
20260729T183102_bf16_eager,bf16_eager,2,232,198.89923,198.97624,59.95942,59.95942,4013.604,5294.0
20260729T183102_bf16_eager,bf16_eager,2,233,221.25194,221.32992,60.18861,60.18861,4013.604,5294.0
20260729T183102_bf16_eager,bf16_eager,2,234,266.32812,266.40412,59.96954,59.96954,4013.604,5294.0
20260729T183102_bf16_eager,bf16_eager,2,235,198.33638,198.41234,59.97261,59.97261,4013.604,5294.0
20260729T183102_bf16_eager,bf16_eager,2,236,204.21356,204.2904,60.02698,60.02698,4013.604,5294.0
20260729T183102_bf16_eager,bf16_eager,2,237,205.53859,205.61318,60.04122,60.04122,4013.604,5294.0
20260729T183102_bf16_eager,bf16_eager,2,238,269.99023,270.06446,60.07911,60.07911,4013.604,5294.0
20260729T183102_bf16_eager,bf16_eager,2,239,202.60643,202.68095,60.24499,60.24499,4013.604,5294.0
20260729T183102_bf16_eager,bf16_eager,2,240,205.8336,205.91039,60.07091,60.07091,4013.604,5294.0
20260729T183102_bf16_eager,bf16_eager,2,241,200.25206,200.32874,59.93062,59.93062,4013.604,5294.0
20260729T183102_bf16_eager,bf16_eager,2,242,198.66656,198.74,60.17853,60.17853,4013.604,5294.0
20260729T183102_bf16_eager,bf16_eager,2,243,198.96608,199.04136,60.06272,60.06272,4013.604,5294.0
20260729T183102_bf16_eager,bf16_eager,2,244,202.59082,202.66364,60.08218,60.08218,4013.604,5294.0
20260729T183102_bf16_eager,bf16_eager,2,245,215.3479,215.42897,62.33088,62.33088,4013.604,5294.0
20260729T183102_bf16_eager,bf16_eager,2,246,209.18489,209.26268,60.90454,60.90454,4013.604,5294.0
20260729T183102_bf16_eager,bf16_eager,2,247,199.83939,199.91757,60.18157,60.18157,4013.604,5294.0
20260729T183102_bf16_eager,bf16_eager,2,248,204.72633,204.80172,60.36378,60.36378,4013.604,5294.0
20260729T183102_bf16_eager,bf16_eager,2,249,203.32358,203.40366,60.31462,60.31462,4013.604,5294.0
20260729T183102_bf16_eager,bf16_eager,2,250,199.64592,199.72629,60.46522,60.46522,4013.604,5294.0
20260729T183102_bf16_eager,bf16_eager,2,251,199.39622,199.47181,60.00947,60.00947,4013.604,5294.0
20260729T183102_bf16_eager,bf16_eager,2,252,199.70874,199.7891,60.37299,60.37299,4013.604,5294.0
20260729T183102_bf16_eager,bf16_eager,2,253,205.49168,205.58296,59.93785,59.93785,4013.604,5294.0
20260729T183102_bf16_eager,bf16_eager,2,254,200.15059,200.22684,60.04326,60.04326,4013.604,5294.0
20260729T183102_bf16_eager,bf16_eager,2,255,199.39824,199.47892,60.28592,60.28592,4013.604,5294.0
20260729T183102_bf16_eager,bf16_eager,2,256,200.06311,200.14084,60.65869,60.65869,4013.604,5294.0
20260729T183102_bf16_eager,bf16_eager,2,257,200.25331,200.40239,60.24499,60.24499,4013.604,5294.0
20260729T183102_bf16_eager,bf16_eager,2,258,199.62244,199.70565,60.52352,60.52352,4013.604,5294.0
20260729T183102_bf16_eager,bf16_eager,2,259,197.04234,197.11757,60.24806,60.24806,4013.604,5294.0
20260729T183102_bf16_eager,bf16_eager,2,260,199.87744,199.9831,60.08723,60.08723,4013.604,5294.0
20260729T183102_bf16_eager,bf16_eager,2,261,267.06354,267.14899,60.08128,60.08128,4013.604,5294.0
20260729T183102_bf16_eager,bf16_eager,2,262,254.54272,254.6251,60.26448,60.26448,4013.604,5294.0
20260729T183102_bf16_eager,bf16_eager,2,263,198.90288,198.98096,60.03609,60.03609,4013.604,5294.0
20260729T183102_bf16_eager,bf16_eager,2,264,201.40819,201.64474,62.32576,62.32576,4013.604,5294.0
20260729T183102_bf16_eager,bf16_eager,2,265,203.74333,203.81937,60.25728,60.25728,4013.604,5294.0
20260729T183102_bf16_eager,bf16_eager,2,266,201.03552,201.11517,60.2327,60.2327,4013.604,5294.0
20260729T183102_bf16_eager,bf16_eager,2,267,272.01697,272.10225,60.64537,60.64537,4013.604,5294.0
20260729T183102_bf16_eager,bf16_eager,2,268,200.11188,200.19625,60.14054,60.14054,4013.604,5294.0
20260729T183102_bf16_eager,bf16_eager,2,269,199.96252,200.04403,60.24704,60.24704,4013.604,5294.0
20260729T183102_bf16_eager,bf16_eager,2,270,210.8752,210.96483,66.11353,66.11353,4013.604,5294.0
20260729T183102_bf16_eager,bf16_eager,2,271,201.97894,202.06149,60.37811,60.37811,4013.604,5294.0
20260729T183102_bf16_eager,bf16_eager,2,272,201.1962,201.27447,60.35046,60.35046,4013.604,5294.0
20260729T183102_bf16_eager,bf16_eager,2,273,199.19241,199.26849,60.13638,60.13638,4013.604,5294.0
20260729T183102_bf16_eager,bf16_eager,2,274,204.27332,204.35402,61.67654,61.67654,4013.604,5294.0
20260729T183102_bf16_eager,bf16_eager,2,275,200.16304,200.24613,59.96851,59.96851,4013.604,5294.0
20260729T183102_bf16_eager,bf16_eager,2,276,200.39737,200.47717,60.35866,60.35866,4013.604,5294.0
20260729T183102_bf16_eager,bf16_eager,2,277,200.30032,200.38008,60.38425,60.38425,4013.604,5294.0
20260729T183102_bf16_eager,bf16_eager,2,278,202.59213,202.66969,60.09971,60.09971,4013.604,5294.0
20260729T183102_bf16_eager,bf16_eager,2,279,200.15169,200.22761,60.1088,60.1088,4013.604,5294.0
20260729T183102_bf16_eager,bf16_eager,2,280,202.86285,202.9408,59.9552,59.9552,4013.604,5294.0
20260729T183102_bf16_eager,bf16_eager,2,281,204.8194,204.89734,62.96166,62.96166,4013.604,5294.0
20260729T183102_bf16_eager,bf16_eager,2,282,226.63095,226.70751,60.08422,60.08422,4013.604,5294.0
20260729T183102_bf16_eager,bf16_eager,2,283,199.99754,200.07605,61.54445,61.54445,4013.604,5294.0
20260729T183102_bf16_eager,bf16_eager,2,284,198.77638,198.85206,60.00435,60.00435,4013.604,5294.0
20260729T183102_bf16_eager,bf16_eager,2,285,198.7007,198.77757,60.00742,60.00742,4013.604,5294.0
20260729T183102_bf16_eager,bf16_eager,2,286,198.55917,198.63317,59.88966,59.88966,4013.604,5294.0
20260729T183102_bf16_eager,bf16_eager,2,287,201.15091,201.23209,61.90387,61.90387,4013.604,5294.0
20260729T183102_bf16_eager,bf16_eager,2,288,198.96794,199.0435,60.15385,60.15385,4013.604,5294.0
20260729T183102_bf16_eager,bf16_eager,2,289,199.36893,199.44585,60.02176,60.02176,4013.604,5294.0
20260729T183102_bf16_eager,bf16_eager,2,290,207.97293,208.05751,68.0601,68.0601,4013.604,5294.0
20260729T183102_bf16_eager,bf16_eager,2,291,274.83148,274.92428,63.54227,63.54227,4013.604,5294.0
20260729T183102_bf16_eager,bf16_eager,2,292,230.52246,230.60603,64.18125,64.18125,4013.604,5294.0
20260729T183102_bf16_eager,bf16_eager,2,293,251.71146,251.79766,65.00249,65.00249,4013.604,5294.0
20260729T183102_bf16_eager,bf16_eager,2,294,205.76524,205.84968,61.2608,61.2608,4013.604,5294.0
20260729T183102_bf16_eager,bf16_eager,2,295,202.70554,202.78413,62.17318,62.17318,4013.604,5294.0
20260729T183102_bf16_eager,bf16_eager,2,296,199.84084,199.91704,60.19789,60.19789,4013.604,5294.0
20260729T183102_bf16_eager,bf16_eager,2,297,201.56512,201.64381,60.19277,60.19277,4013.604,5294.0
20260729T183102_bf16_eager,bf16_eager,2,298,199.79843,199.87265,60.09446,60.09446,4013.604,5294.0
20260729T183102_bf16_eager,bf16_eager,2,299,199.895,199.9704,60.36787,60.36787,4013.604,5294.0
20260729T183102_bf16_eager,bf16_eager,3,0,323.29523,323.38239,181.19578,60.39859,4013.604,5294.0
20260729T183102_bf16_eager,bf16_eager,3,1,328.16449,328.25072,181.31047,60.43682,4013.604,5294.0
20260729T183102_bf16_eager,bf16_eager,3,2,324.40674,324.49119,182.96947,60.98982,4013.604,5294.0
20260729T183102_bf16_eager,bf16_eager,3,3,333.00644,333.08809,179.59015,59.86338,4013.604,5294.0
20260729T183102_bf16_eager,bf16_eager,3,4,329.28522,329.39884,184.52579,61.5086,4013.604,5294.0
20260729T183102_bf16_eager,bf16_eager,3,5,336.60587,336.69558,183.51923,61.17308,4013.604,5294.0
20260729T183102_bf16_eager,bf16_eager,3,6,320.50674,320.59019,180.89181,60.29727,4013.604,5294.0
20260729T183102_bf16_eager,bf16_eager,3,7,322.80902,322.89122,182.98256,60.99419,4013.604,5294.0
20260729T183102_bf16_eager,bf16_eager,3,8,330.11536,330.19653,180.87341,60.29114,4013.604,5294.0
20260729T183102_bf16_eager,bf16_eager,3,9,321.44196,321.52733,181.62176,60.54059,4013.604,5294.0
20260729T183102_bf16_eager,bf16_eager,3,10,320.55701,320.64072,180.77488,60.25829,4013.604,5294.0
20260729T183102_bf16_eager,bf16_eager,3,11,320.70676,320.79105,181.75181,60.58394,4013.604,5294.0
20260729T183102_bf16_eager,bf16_eager,3,12,321.54846,321.63259,181.60944,60.53648,4013.604,5294.0
20260729T183102_bf16_eager,bf16_eager,3,13,325.03372,325.11678,183.23549,61.0785,4013.604,5294.0
20260729T183102_bf16_eager,bf16_eager,3,14,340.60754,340.70268,184.15203,61.38401,4013.604,5294.0
20260729T183102_bf16_eager,bf16_eager,3,15,320.84827,320.92926,179.43757,59.81252,4013.604,5294.0
20260729T183102_bf16_eager,bf16_eager,3,16,323.31357,323.39776,179.36377,59.78792,4013.604,5294.0
20260729T183102_bf16_eager,bf16_eager,3,17,339.19849,339.30962,179.88506,59.96169,4013.604,5294.0
20260729T183102_bf16_eager,bf16_eager,3,18,395.12079,395.21229,179.69046,59.89682,4013.604,5294.0
20260729T183102_bf16_eager,bf16_eager,3,19,323.68021,323.77262,181.11181,60.3706,4013.604,5294.0
20260729T183102_bf16_eager,bf16_eager,3,20,331.35422,331.45385,181.67603,60.55868,4013.604,5294.0
20260729T183102_bf16_eager,bf16_eager,3,21,324.13211,324.21683,182.30378,60.76793,4013.604,5294.0
20260729T183102_bf16_eager,bf16_eager,3,22,323.12601,323.21053,181.38314,60.46105,4013.604,5294.0
20260729T183102_bf16_eager,bf16_eager,3,23,323.28116,323.36481,181.02681,60.34227,4013.604,5294.0
20260729T183102_bf16_eager,bf16_eager,3,24,333.02066,333.10471,180.08064,60.02688,4013.604,5294.0
20260729T183102_bf16_eager,bf16_eager,3,25,321.16849,321.25042,179.70378,59.90126,4013.604,5294.0
20260729T183102_bf16_eager,bf16_eager,3,26,324.56482,324.64519,180.12659,60.0422,4013.604,5294.0
20260729T183102_bf16_eager,bf16_eager,3,27,324.21133,324.29498,180.87114,60.29038,4013.604,5294.0
20260729T183102_bf16_eager,bf16_eager,3,28,321.50879,321.59085,180.23427,60.07809,4013.604,5294.0
20260729T183102_bf16_eager,bf16_eager,3,29,331.61255,331.693,179.82748,59.94249,4013.604,5294.0
20260729T183102_bf16_eager,bf16_eager,3,30,340.20422,340.30465,184.62006,61.54002,4013.604,5294.0
20260729T183102_bf16_eager,bf16_eager,3,31,419.25357,419.34695,179.97414,59.99138,4013.604,5294.0
20260729T183102_bf16_eager,bf16_eager,3,32,397.6615,397.74572,179.85434,59.95145,4013.604,5294.0
20260729T183102_bf16_eager,bf16_eager,3,33,338.30115,338.39124,179.80208,59.93403,4013.604,5294.0
20260729T183102_bf16_eager,bf16_eager,3,34,321.32907,321.41254,179.68442,59.89481,4013.604,5294.0
20260729T183102_bf16_eager,bf16_eager,3,35,331.05649,331.1403,179.52666,59.84222,4013.604,5294.0
20260729T183102_bf16_eager,bf16_eager,3,36,393.04608,393.12995,179.71098,59.90366,4013.604,5294.0
20260729T183102_bf16_eager,bf16_eager,3,37,357.11871,357.21338,179.63197,59.87732,4013.604,5294.0
20260729T183102_bf16_eager,bf16_eager,3,38,321.70142,321.78247,180.00077,60.00026,4013.604,5294.0
20260729T183102_bf16_eager,bf16_eager,3,39,361.49719,361.58378,183.52026,61.17342,4013.604,5294.0
20260729T183102_bf16_eager,bf16_eager,3,40,323.32678,323.40916,182.14602,60.71534,4013.604,5294.0
20260729T183102_bf16_eager,bf16_eager,3,41,349.1344,349.21757,179.26874,59.75625,4013.604,5294.0
20260729T183102_bf16_eager,bf16_eager,3,42,352.31451,352.399,190.60522,63.53507,4013.604,5294.0
20260729T183102_bf16_eager,bf16_eager,3,43,347.45309,347.53418,179.4192,59.8064,4013.604,5294.0
20260729T183102_bf16_eager,bf16_eager,3,44,385.31717,385.39836,179.64042,59.88014,4013.604,5294.0
20260729T183102_bf16_eager,bf16_eager,3,45,335.87863,335.96646,179.49184,59.83061,4013.604,5294.0
20260729T183102_bf16_eager,bf16_eager,3,46,320.94711,321.03007,179.56957,59.85652,4013.604,5294.0
20260729T183102_bf16_eager,bf16_eager,3,47,354.19174,354.27284,179.8103,59.93677,4013.604,5294.0
20260729T183102_bf16_eager,bf16_eager,3,48,328.57419,328.65716,179.41299,59.80433,4013.604,5294.0
20260729T183102_bf16_eager,bf16_eager,3,49,346.36557,346.45742,184.71014,61.57005,4013.604,5294.0
20260729T183102_bf16_eager,bf16_eager,3,50,397.30634,397.3928,181.98224,60.66075,4013.604,5294.0
20260729T183102_bf16_eager,bf16_eager,3,51,331.70035,331.78366,179.8656,59.9552,4013.604,5294.0
20260729T183102_bf16_eager,bf16_eager,3,52,328.75089,328.83412,181.58695,60.52898,4013.604,5294.0
20260729T183102_bf16_eager,bf16_eager,3,53,327.01202,327.09613,181.54599,60.51533,4013.604,5294.0
20260729T183102_bf16_eager,bf16_eager,3,54,329.51398,329.61157,182.53635,60.84545,4013.604,5294.0
20260729T183102_bf16_eager,bf16_eager,3,55,402.29745,402.38655,182.86477,60.95492,4013.604,5294.0
20260729T183102_bf16_eager,bf16_eager,3,56,328.43375,328.51765,180.37792,60.12597,4013.604,5294.0
20260729T183102_bf16_eager,bf16_eager,3,57,391.01486,391.09735,179.79187,59.93062,4013.604,5294.0
20260729T183102_bf16_eager,bf16_eager,3,58,341.00385,341.08483,179.51846,59.83949,4013.604,5294.0
20260729T183102_bf16_eager,bf16_eager,3,59,320.25092,320.33213,179.42842,59.80947,4013.604,5294.0
20260729T183102_bf16_eager,bf16_eager,3,60,320.77747,320.86012,179.31158,59.77053,4013.604,5294.0
20260729T183102_bf16_eager,bf16_eager,3,61,332.28726,332.36686,179.71507,59.90502,4013.604,5294.0
20260729T183102_bf16_eager,bf16_eager,3,62,355.74005,355.82824,182.72253,60.90751,4013.604,5294.0
20260729T183102_bf16_eager,bf16_eager,3,63,333.05063,333.13576,180.96547,60.32182,4013.604,5294.0
20260729T183102_bf16_eager,bf16_eager,3,64,330.21051,330.29753,180.67575,60.22525,4013.604,5294.0
20260729T183102_bf16_eager,bf16_eager,3,65,323.1319,323.21946,180.92342,60.30781,4013.604,5294.0
20260729T183102_bf16_eager,bf16_eager,3,66,392.01056,392.10125,178.95847,59.65282,4013.604,5294.0
20260729T183102_bf16_eager,bf16_eager,3,67,322.77869,322.86151,179.80723,59.93574,4013.604,5294.0
20260729T183102_bf16_eager,bf16_eager,3,68,343.87613,343.95903,179.69868,59.89956,4013.604,5294.0
20260729T183102_bf16_eager,bf16_eager,3,69,331.8418,331.92575,183.30835,61.10278,4013.604,5294.0
20260729T183102_bf16_eager,bf16_eager,3,70,322.65063,322.73289,179.00451,59.66817,4013.604,5294.0
20260729T183102_bf16_eager,bf16_eager,3,71,342.45428,342.5555,182.84032,60.94677,4013.604,5294.0
20260729T183102_bf16_eager,bf16_eager,3,72,323.97363,324.06048,179.96509,59.98836,4013.604,5294.0
20260729T183102_bf16_eager,bf16_eager,3,73,342.23639,342.32318,179.45498,59.81833,4013.604,5294.0
20260729T183102_bf16_eager,bf16_eager,3,74,362.22058,362.30014,179.33514,59.77838,4013.604,5294.0
20260729T183102_bf16_eager,bf16_eager,3,75,357.23386,357.31716,180.47495,60.15832,4013.604,5294.0
20260729T183102_bf16_eager,bf16_eager,3,76,386.12531,386.21033,182.47162,60.82387,4013.604,5294.0
20260729T183102_bf16_eager,bf16_eager,3,77,327.15085,327.22989,179.83485,59.94495,4013.604,5294.0
20260729T183102_bf16_eager,bf16_eager,3,78,322.42465,322.5042,179.37616,59.79205,4013.604,5294.0
20260729T183102_bf16_eager,bf16_eager,3,79,333.61169,333.69824,187.56189,62.52063,4013.604,5294.0
20260729T183102_bf16_eager,bf16_eager,3,80,378.23279,378.32883,201.58257,67.19419,4013.604,5294.0
20260729T183102_bf16_eager,bf16_eager,3,81,338.64584,338.87429,195.61072,65.20357,4013.604,5294.0
20260729T183102_bf16_eager,bf16_eager,3,82,336.28766,336.37761,191.33337,63.77779,4013.604,5294.0
20260729T183102_bf16_eager,bf16_eager,3,83,345.02441,345.11228,183.53357,61.17786,4013.604,5294.0
20260729T183102_bf16_eager,bf16_eager,3,84,372.37045,372.45194,187.25069,62.4169,4013.604,5294.0
20260729T183102_bf16_eager,bf16_eager,3,85,328.18835,328.27615,180.3049,60.10163,4013.604,5294.0
20260729T183102_bf16_eager,bf16_eager,3,86,320.65555,320.73479,179.31571,59.7719,4013.604,5294.0
20260729T183102_bf16_eager,bf16_eager,3,87,323.67587,323.75558,179.74067,59.91356,4013.604,5294.0
20260729T183102_bf16_eager,bf16_eager,3,88,397.14246,397.22677,183.35744,61.11915,4013.604,5294.0
20260729T183102_bf16_eager,bf16_eager,3,89,325.05573,325.13886,179.09043,59.69681,4013.604,5294.0
20260729T183102_bf16_eager,bf16_eager,3,90,335.03809,335.12352,179.09766,59.69922,4013.604,5294.0
20260729T183102_bf16_eager,bf16_eager,3,91,388.18628,388.26997,182.63648,60.87883,4013.604,5294.0
20260729T183102_bf16_eager,bf16_eager,3,92,324.45898,324.54064,179.70176,59.90059,4013.604,5294.0
20260729T183102_bf16_eager,bf16_eager,3,93,332.82797,332.91021,179.17542,59.72514,4013.604,5294.0
20260729T183102_bf16_eager,bf16_eager,3,94,323.97095,324.04973,179.46214,59.82071,4013.604,5294.0
20260729T183102_bf16_eager,bf16_eager,3,95,326.24951,326.32918,179.42339,59.8078,4013.604,5294.0
20260729T183102_bf16_eager,bf16_eager,3,96,329.63742,329.71981,179.53075,59.84358,4013.604,5294.0
20260729T183102_bf16_eager,bf16_eager,3,97,347.00394,347.0865,179.57683,59.85894,4013.604,5294.0
20260729T183102_bf16_eager,bf16_eager,3,98,322.64502,322.72531,179.59945,59.86648,4013.604,5294.0
20260729T183102_bf16_eager,bf16_eager,3,99,326.47147,326.55278,182.88346,60.96115,4013.604,5294.0
20260729T183102_bf16_eager,bf16_eager,3,100,325.15424,325.23987,181.38941,60.46314,4013.604,5294.0
20260729T183102_bf16_eager,bf16_eager,3,101,330.48489,330.56975,179.30025,59.76675,4013.604,5294.0
20260729T183102_bf16_eager,bf16_eager,3,102,332.09982,332.18397,179.63216,59.87739,4013.604,5294.0
20260729T183102_bf16_eager,bf16_eager,3,103,335.04791,335.13552,185.16496,61.72165,4013.604,5294.0
20260729T183102_bf16_eager,bf16_eager,3,104,332.47778,332.56696,188.63616,62.87872,4013.604,5294.0
20260729T183102_bf16_eager,bf16_eager,3,105,371.93234,372.02369,185.29594,61.76531,4013.604,5294.0
20260729T183102_bf16_eager,bf16_eager,3,106,328.77969,328.8641,179.32903,59.77634,4013.604,5294.0
20260729T183102_bf16_eager,bf16_eager,3,107,321.32104,321.40579,180.25581,60.08527,4013.604,5294.0
20260729T183102_bf16_eager,bf16_eager,3,108,323.54715,323.62786,179.43347,59.81116,4013.604,5294.0
20260729T183102_bf16_eager,bf16_eager,3,109,325.14203,325.22442,179.63021,59.87674,4013.604,5294.0
20260729T183102_bf16_eager,bf16_eager,3,110,339.66541,339.75237,179.62506,59.87502,4013.604,5294.0
20260729T183102_bf16_eager,bf16_eager,3,111,327.86713,327.95287,182.36518,60.78839,4013.604,5294.0
20260729T183102_bf16_eager,bf16_eager,3,112,339.18954,339.28377,189.33146,63.11049,4013.604,5294.0
20260729T183102_bf16_eager,bf16_eager,3,113,335.15158,335.24044,188.14272,62.71424,4013.604,5294.0
20260729T183102_bf16_eager,bf16_eager,3,114,341.05795,341.14418,182.82704,60.94235,4013.604,5294.0
20260729T183102_bf16_eager,bf16_eager,3,115,327.34055,327.42568,185.20266,61.73422,4013.604,5294.0
20260729T183102_bf16_eager,bf16_eager,3,116,323.86914,323.95614,179.60448,59.86816,4013.604,5294.0
20260729T183102_bf16_eager,bf16_eager,3,117,323.98624,324.0702,180.19219,60.06406,4013.604,5294.0
20260729T183102_bf16_eager,bf16_eager,3,118,324.78516,324.86979,179.47341,59.82447,4013.604,5294.0
20260729T183102_bf16_eager,bf16_eager,3,119,323.89456,323.97645,179.38944,59.79648,4013.604,5294.0
20260729T183102_bf16_eager,bf16_eager,3,120,379.44882,379.53479,179.83488,59.94496,4013.604,5294.0
20260729T183102_bf16_eager,bf16_eager,3,121,320.13504,320.21994,179.24601,59.74867,4013.604,5294.0
20260729T183102_bf16_eager,bf16_eager,3,122,322.71231,322.79771,180.30195,60.10065,4013.604,5294.0
20260729T183102_bf16_eager,bf16_eager,3,123,326.31372,326.40016,180.17178,60.05726,4013.604,5294.0
20260729T183102_bf16_eager,bf16_eager,3,124,326.83917,326.92146,179.47136,59.82379,4013.604,5294.0
20260729T183102_bf16_eager,bf16_eager,3,125,322.7312,322.81958,179.44064,59.81355,4013.604,5294.0
20260729T183102_bf16_eager,bf16_eager,3,126,327.86298,327.95423,184.46022,61.48674,4013.604,5294.0
20260729T183102_bf16_eager,bf16_eager,3,127,325.85989,325.94097,179.95885,59.98628,4013.604,5294.0
20260729T183102_bf16_eager,bf16_eager,3,128,322.4617,322.54314,179.34336,59.78112,4013.604,5294.0
20260729T183102_bf16_eager,bf16_eager,3,129,324.21692,324.29958,179.71504,59.90501,4013.604,5294.0
20260729T183102_bf16_eager,bf16_eager,3,130,338.01709,338.09977,179.29011,59.76337,4013.604,5294.0
20260729T183102_bf16_eager,bf16_eager,3,131,334.99435,335.0754,188.73754,62.91251,4013.604,5294.0
20260729T183102_bf16_eager,bf16_eager,3,132,326.6868,326.77188,180.19529,60.0651,4013.604,5294.0
20260729T183102_bf16_eager,bf16_eager,3,133,334.5285,334.62019,179.55635,59.85212,4013.604,5294.0
20260729T183102_bf16_eager,bf16_eager,3,134,409.00632,409.0932,256.65025,85.55008,4013.604,5294.0
20260729T183102_bf16_eager,bf16_eager,3,135,326.92572,327.00534,179.3352,59.7784,4013.604,5294.0
20260729T183102_bf16_eager,bf16_eager,3,136,322.02655,322.10726,179.58291,59.86097,4013.604,5294.0
20260729T183102_bf16_eager,bf16_eager,3,137,328.71677,328.80925,183.45984,61.15328,4013.604,5294.0
20260729T183102_bf16_eager,bf16_eager,3,138,322.86612,322.94759,180.63255,60.21085,4013.604,5294.0
20260729T183102_bf16_eager,bf16_eager,3,139,324.16742,324.26116,179.72743,59.90914,4013.604,5294.0
20260729T183102_bf16_eager,bf16_eager,3,140,321.18604,321.26923,179.55936,59.85312,4013.604,5294.0
20260729T183102_bf16_eager,bf16_eager,3,141,327.85178,327.93304,181.27248,60.42416,4013.604,5294.0
20260729T183102_bf16_eager,bf16_eager,3,142,324.67749,324.75666,179.91168,59.97056,4013.604,5294.0
20260729T183102_bf16_eager,bf16_eager,3,143,334.82242,334.9021,179.79597,59.93199,4013.604,5294.0
20260729T183102_bf16_eager,bf16_eager,3,144,331.18591,331.26637,179.78775,59.92925,4013.604,5294.0
20260729T183102_bf16_eager,bf16_eager,3,145,321.42151,321.50252,180.05811,60.01937,4013.604,5294.0
20260729T183102_bf16_eager,bf16_eager,3,146,322.67581,322.7563,179.54096,59.84699,4013.604,5294.0
20260729T183102_bf16_eager,bf16_eager,3,147,322.54471,322.62554,180.5609,60.18697,4013.604,5294.0
20260729T183102_bf16_eager,bf16_eager,3,148,327.05347,327.13552,182.8904,60.96347,4013.604,5294.0
20260729T183102_bf16_eager,bf16_eager,3,149,323.41531,323.49605,179.71808,59.90603,4013.604,5294.0
20260729T183102_bf16_eager,bf16_eager,3,150,331.59149,331.67453,179.91978,59.97326,4013.604,5294.0
20260729T183102_bf16_eager,bf16_eager,3,151,325.45392,325.53808,181.55002,60.51667,4013.604,5294.0
20260729T183102_bf16_eager,bf16_eager,3,152,324.01001,324.09764,181.69447,60.56482,4013.604,5294.0
20260729T183102_bf16_eager,bf16_eager,3,153,342.56284,342.64722,179.47546,59.82515,4013.604,5294.0
20260729T183102_bf16_eager,bf16_eager,3,154,322.19595,322.28273,179.72016,59.90672,4013.604,5294.0
20260729T183102_bf16_eager,bf16_eager,3,155,322.49536,322.57507,180.41344,60.13781,4013.604,5294.0
20260729T183102_bf16_eager,bf16_eager,3,156,326.01395,326.0929,179.57069,59.8569,4013.604,5294.0
20260729T183102_bf16_eager,bf16_eager,3,157,336.73404,336.84349,180.11955,60.03985,4013.604,5294.0
20260729T183102_bf16_eager,bf16_eager,3,158,343.47427,343.55518,181.21725,60.40575,4013.604,5294.0
20260729T183102_bf16_eager,bf16_eager,3,159,324.36084,324.45353,179.31161,59.77054,4013.604,5294.0
20260729T183102_bf16_eager,bf16_eager,3,160,362.93546,363.02292,179.68835,59.89612,4013.604,5294.0
20260729T183102_bf16_eager,bf16_eager,3,161,322.22458,322.30399,180.6848,60.22827,4013.604,5294.0
20260729T183102_bf16_eager,bf16_eager,3,162,322.90738,322.98699,180.01719,60.00573,4013.604,5294.0
20260729T183102_bf16_eager,bf16_eager,3,163,321.49527,321.57479,179.9608,59.98693,4013.604,5294.0
20260729T183102_bf16_eager,bf16_eager,3,164,327.23401,327.31923,179.57274,59.85758,4013.604,5294.0
20260729T183102_bf16_eager,bf16_eager,3,165,331.82309,332.05327,179.67706,59.89235,4013.604,5294.0
20260729T183102_bf16_eager,bf16_eager,3,166,321.02423,321.11465,179.96192,59.98731,4013.604,5294.0
20260729T183102_bf16_eager,bf16_eager,3,167,321.03894,321.1183,179.536,59.84533,4013.604,5294.0
20260729T183102_bf16_eager,bf16_eager,3,168,324.08734,324.16777,181.42003,60.47334,4013.604,5294.0
20260729T183102_bf16_eager,bf16_eager,3,169,321.00189,321.08208,179.60554,59.86851,4013.604,5294.0
20260729T183102_bf16_eager,bf16_eager,3,170,320.66522,320.7434,179.19795,59.73265,4013.604,5294.0
20260729T183102_bf16_eager,bf16_eager,3,171,360.54593,360.64844,204.97913,68.32638,4013.604,5294.0
20260729T183102_bf16_eager,bf16_eager,3,172,329.50864,329.61064,182.02726,60.67575,4013.604,5294.0
20260729T183102_bf16_eager,bf16_eager,3,173,330.07266,330.2229,183.73837,61.24612,4013.604,5294.0
20260729T183102_bf16_eager,bf16_eager,3,174,321.64542,321.73978,180.02547,60.00849,4013.604,5294.0
20260729T183102_bf16_eager,bf16_eager,3,175,322.31628,322.39822,180.13792,60.04597,4013.604,5294.0
20260729T183102_bf16_eager,bf16_eager,3,176,322.74765,322.83208,180.80579,60.2686,4013.604,5294.0
20260729T183102_bf16_eager,bf16_eager,3,177,323.79077,323.87111,179.77446,59.92482,4013.604,5294.0
20260729T183102_bf16_eager,bf16_eager,3,178,342.5788,342.66079,179.88912,59.96304,4013.604,5294.0
20260729T183102_bf16_eager,bf16_eager,3,179,332.65717,332.74038,191.86499,63.955,4013.604,5294.0
20260729T183102_bf16_eager,bf16_eager,3,180,318.34119,318.42249,179.41402,59.80467,4013.604,5294.0
20260729T183102_bf16_eager,bf16_eager,3,181,322.25098,322.32997,179.50208,59.83403,4013.604,5294.0
20260729T183102_bf16_eager,bf16_eager,3,182,321.01419,321.09525,180.44928,60.14976,4013.604,5294.0
20260729T183102_bf16_eager,bf16_eager,3,183,321.13278,321.21754,180.04173,60.01391,4013.604,5294.0
20260729T183102_bf16_eager,bf16_eager,3,184,326.06262,326.14374,181.1047,60.36823,4013.604,5294.0
20260729T183102_bf16_eager,bf16_eager,3,185,324.21198,324.29301,181.89209,60.6307,4013.604,5294.0
20260729T183102_bf16_eager,bf16_eager,3,186,327.12527,327.20825,179.62918,59.87639,4013.604,5294.0
20260729T183102_bf16_eager,bf16_eager,3,187,326.04123,326.12141,181.16099,60.387,4013.604,5294.0
20260729T183102_bf16_eager,bf16_eager,3,188,322.07245,322.15182,179.66285,59.88762,4013.604,5294.0
20260729T183102_bf16_eager,bf16_eager,3,189,339.6777,339.76649,181.45894,60.48631,4013.604,5294.0
20260729T183102_bf16_eager,bf16_eager,3,190,321.52029,321.60193,180.11443,60.03814,4013.604,5294.0
20260729T183102_bf16_eager,bf16_eager,3,191,324.76431,324.84911,181.34125,60.44708,4013.604,5294.0
20260729T183102_bf16_eager,bf16_eager,3,192,326.80243,326.88398,181.09235,60.36412,4013.604,5294.0
20260729T183102_bf16_eager,bf16_eager,3,193,320.89975,320.97915,179.87174,59.95725,4013.604,5294.0
20260729T183102_bf16_eager,bf16_eager,3,194,340.17722,340.26059,185.15456,61.71819,4013.604,5294.0
20260729T183102_bf16_eager,bf16_eager,3,195,328.47742,328.56273,180.22297,60.07432,4013.604,5294.0
20260729T183102_bf16_eager,bf16_eager,3,196,323.23175,323.31159,181.6063,60.53543,4013.604,5294.0
20260729T183102_bf16_eager,bf16_eager,3,197,344.2998,344.38345,181.04823,60.34941,4013.604,5294.0
20260729T183102_bf16_eager,bf16_eager,3,198,388.78351,388.90509,230.59763,76.86588,4013.604,5294.0
20260729T183102_bf16_eager,bf16_eager,3,199,331.80164,331.91228,182.21763,60.73921,4013.604,5294.0
20260729T183102_bf16_eager,bf16_eager,3,200,348.13501,348.2363,181.46816,60.48939,4013.604,5294.0
20260729T183102_bf16_eager,bf16_eager,3,201,330.55838,330.66263,185.31943,61.77314,4013.604,5294.0
20260729T183102_bf16_eager,bf16_eager,3,202,324.77905,324.88455,181.20394,60.40131,4013.604,5294.0
20260729T183102_bf16_eager,bf16_eager,3,203,323.72174,323.82256,180.90087,60.30029,4013.604,5294.0
20260729T183102_bf16_eager,bf16_eager,3,204,326.28021,326.38462,182.59047,60.86349,4013.604,5294.0
20260729T183102_bf16_eager,bf16_eager,3,205,324.45511,324.55419,181.02682,60.34227,4013.604,5294.0
20260729T183102_bf16_eager,bf16_eager,3,206,325.80353,325.90369,180.59367,60.19789,4013.604,5294.0
20260729T183102_bf16_eager,bf16_eager,3,207,324.99985,325.10466,182.06816,60.68939,4013.604,5294.0
20260729T183102_bf16_eager,bf16_eager,3,208,330.12463,330.23293,185.17299,61.72433,4013.604,5294.0
20260729T183102_bf16_eager,bf16_eager,3,209,324.02011,324.1104,180.76877,60.25626,4013.604,5294.0
20260729T183102_bf16_eager,bf16_eager,3,210,327.46552,327.55014,179.79507,59.93169,4013.604,5294.0
20260729T183102_bf16_eager,bf16_eager,3,211,344.76636,344.89005,192.6063,64.2021,4013.604,5294.0
20260729T183102_bf16_eager,bf16_eager,3,212,357.22836,357.34366,202.89024,67.63008,4013.604,5294.0
20260729T183102_bf16_eager,bf16_eager,3,213,327.17068,327.25469,181.02182,60.34061,4013.604,5294.0
20260729T183102_bf16_eager,bf16_eager,3,214,327.43259,327.51708,183.56938,61.18979,4013.604,5294.0
20260729T183102_bf16_eager,bf16_eager,3,215,335.80838,335.8912,182.04672,60.68224,4013.604,5294.0
20260729T183102_bf16_eager,bf16_eager,3,216,339.71613,339.80709,184.64576,61.54859,4013.604,5294.0
20260729T183102_bf16_eager,bf16_eager,3,217,323.9198,324.01538,180.22912,60.07637,4013.604,5294.0
20260729T183102_bf16_eager,bf16_eager,3,218,326.98224,327.07074,183.55712,61.18571,4013.604,5294.0
20260729T183102_bf16_eager,bf16_eager,3,219,327.21033,327.30387,184.8023,61.60077,4013.604,5294.0
20260729T183102_bf16_eager,bf16_eager,3,220,337.3934,337.48202,185.10438,61.70146,4013.604,5294.0
20260729T183102_bf16_eager,bf16_eager,3,221,321.64413,321.72823,180.17485,60.05828,4013.604,5294.0
20260729T183102_bf16_eager,bf16_eager,3,222,324.44824,324.53164,182.94682,60.98227,4013.604,5294.0
20260729T183102_bf16_eager,bf16_eager,3,223,325.38876,325.46982,182.41741,60.8058,4013.604,5294.0
20260729T183102_bf16_eager,bf16_eager,3,224,326.82025,326.90778,182.36522,60.78841,4013.604,5294.0
20260729T183102_bf16_eager,bf16_eager,3,225,327.14005,327.22374,182.04058,60.68019,4013.604,5294.0
20260729T183102_bf16_eager,bf16_eager,3,226,323.05179,323.1393,181.11184,60.37061,4013.604,5294.0
20260729T183102_bf16_eager,bf16_eager,3,227,327.63284,327.71777,181.60345,60.53448,4013.604,5294.0
20260729T183102_bf16_eager,bf16_eager,3,228,322.80557,322.88772,180.92237,60.30746,4013.604,5294.0
20260729T183102_bf16_eager,bf16_eager,3,229,322.1745,322.25723,179.93626,59.97875,4013.604,5294.0
20260729T183102_bf16_eager,bf16_eager,3,230,327.78351,327.86973,179.85843,59.95281,4013.604,5294.0
20260729T183102_bf16_eager,bf16_eager,3,231,354.66425,354.74765,180.32947,60.10982,4013.604,5294.0
20260729T183102_bf16_eager,bf16_eager,3,232,324.40012,324.48133,182.56179,60.85393,4013.604,5294.0
20260729T183102_bf16_eager,bf16_eager,3,233,323.96732,324.0462,179.70883,59.90294,4013.604,5294.0
20260729T183102_bf16_eager,bf16_eager,3,234,323.05637,323.13747,181.58797,60.52932,4013.604,5294.0
20260729T183102_bf16_eager,bf16_eager,3,235,389.20029,389.28374,180.02631,60.00877,4013.604,5294.0
20260729T183102_bf16_eager,bf16_eager,3,236,322.63272,322.71179,179.68333,59.89444,4013.604,5294.0
20260729T183102_bf16_eager,bf16_eager,3,237,321.37756,321.46056,180.0776,60.02587,4013.604,5294.0
20260729T183102_bf16_eager,bf16_eager,3,238,351.67355,351.75534,181.32899,60.443,4013.604,5294.0
20260729T183102_bf16_eager,bf16_eager,3,239,364.77423,364.85619,181.52448,60.50816,4013.604,5294.0
20260729T183102_bf16_eager,bf16_eager,3,240,322.80655,322.88618,181.10269,60.36756,4013.604,5294.0
20260729T183102_bf16_eager,bf16_eager,3,241,322.32889,322.4093,179.6904,59.8968,4013.604,5294.0
20260729T183102_bf16_eager,bf16_eager,3,242,323.12827,323.20785,180.86307,60.28769,4013.604,5294.0
20260729T183102_bf16_eager,bf16_eager,3,243,323.37091,323.4528,179.88403,59.96134,4013.604,5294.0
20260729T183102_bf16_eager,bf16_eager,3,244,327.59265,327.67129,180.82304,60.27435,4013.604,5294.0
20260729T183102_bf16_eager,bf16_eager,3,245,325.31073,325.38985,180.78519,60.26173,4013.604,5294.0
20260729T183102_bf16_eager,bf16_eager,3,246,324.79907,324.88002,180.77491,60.2583,4013.604,5294.0
20260729T183102_bf16_eager,bf16_eager,3,247,391.83151,391.91497,180.33152,60.11051,4013.604,5294.0
20260729T183102_bf16_eager,bf16_eager,3,248,321.62656,321.70508,179.76006,59.92002,4013.604,5294.0
20260729T183102_bf16_eager,bf16_eager,3,249,324.25259,324.33339,183.10349,61.0345,4013.604,5294.0
20260729T183102_bf16_eager,bf16_eager,3,250,327.3212,327.39999,180.36736,60.12245,4013.604,5294.0
20260729T183102_bf16_eager,bf16_eager,3,251,321.98181,322.0606,179.7929,59.93097,4013.604,5294.0
20260729T183102_bf16_eager,bf16_eager,3,252,323.10492,323.18436,180.69504,60.23168,4013.604,5294.0
20260729T183102_bf16_eager,bf16_eager,3,253,326.23795,326.31629,180.09703,60.03234,4013.604,5294.0
20260729T183102_bf16_eager,bf16_eager,3,254,325.39529,325.47764,182.82714,60.94238,4013.604,5294.0
20260729T183102_bf16_eager,bf16_eager,3,255,324.02026,324.09956,180.1984,60.06613,4013.604,5294.0
20260729T183102_bf16_eager,bf16_eager,3,256,322.99585,323.07549,181.7303,60.57677,4013.604,5294.0
20260729T183102_bf16_eager,bf16_eager,3,257,327.58798,327.66627,181.07392,60.35797,4013.604,5294.0
20260729T183102_bf16_eager,bf16_eager,3,258,322.97626,323.05414,181.01862,60.33954,4013.604,5294.0
20260729T183102_bf16_eager,bf16_eager,3,259,323.83871,323.91752,180.43287,60.14429,4013.604,5294.0
20260729T183102_bf16_eager,bf16_eager,3,260,323.03781,323.11679,179.80825,59.93608,4013.604,5294.0
20260729T183102_bf16_eager,bf16_eager,3,261,326.57483,326.65507,179.59219,59.86406,4013.604,5294.0
20260729T183102_bf16_eager,bf16_eager,3,262,325.60965,325.68783,181.37494,60.45831,4013.604,5294.0
20260729T183102_bf16_eager,bf16_eager,3,263,328.04276,328.12134,180.23024,60.07675,4013.604,5294.0
20260729T183102_bf16_eager,bf16_eager,3,264,326.25699,326.33519,182.08256,60.69419,4013.604,5294.0
20260729T183102_bf16_eager,bf16_eager,3,265,321.81946,321.89806,180.67978,60.22659,4013.604,5294.0
20260729T183102_bf16_eager,bf16_eager,3,266,333.85434,333.93912,186.22067,62.07356,4013.604,5294.0
20260729T183102_bf16_eager,bf16_eager,3,267,349.51196,349.59867,181.71802,60.57267,4013.604,5294.0
20260729T183102_bf16_eager,bf16_eager,3,268,334.83813,334.92084,183.53159,61.1772,4013.604,5294.0
20260729T183102_bf16_eager,bf16_eager,3,269,324.91721,325.00066,182.71232,60.90411,4013.604,5294.0
20260729T183102_bf16_eager,bf16_eager,3,270,321.54849,321.62969,179.47846,59.82615,4013.604,5294.0
20260729T183102_bf16_eager,bf16_eager,3,271,325.73999,325.82242,181.1487,60.3829,4013.604,5294.0
20260729T183102_bf16_eager,bf16_eager,3,272,392.79684,392.87981,180.02739,60.00913,4013.604,5294.0
20260729T183102_bf16_eager,bf16_eager,3,273,324.09976,324.18142,180.24141,60.08047,4013.604,5294.0
20260729T183102_bf16_eager,bf16_eager,3,274,328.30237,328.38308,181.40979,60.46993,4013.604,5294.0
20260729T183102_bf16_eager,bf16_eager,3,275,326.89594,326.97839,181.27258,60.42419,4013.604,5294.0
20260729T183102_bf16_eager,bf16_eager,3,276,335.67947,335.76475,184.85351,61.61784,4013.604,5294.0
20260729T183102_bf16_eager,bf16_eager,3,277,329.83551,329.91941,180.45741,60.15247,4013.604,5294.0
20260729T183102_bf16_eager,bf16_eager,3,278,321.24744,321.32634,179.88617,59.96206,4013.604,5294.0
20260729T183102_bf16_eager,bf16_eager,3,279,324.82477,324.95557,181.31456,60.43819,4013.604,5294.0
20260729T183102_bf16_eager,bf16_eager,3,280,321.59875,321.67713,180.13603,60.04534,4013.604,5294.0
20260729T183102_bf16_eager,bf16_eager,3,281,324.79889,324.87785,181.82045,60.60682,4013.604,5294.0
20260729T183102_bf16_eager,bf16_eager,3,282,324.93979,325.02107,180.23629,60.07876,4013.604,5294.0
20260729T183102_bf16_eager,bf16_eager,3,283,389.06177,389.14139,180.77488,60.25829,4013.604,5294.0
20260729T183102_bf16_eager,bf16_eager,3,284,323.76459,323.84343,179.83382,59.94461,4013.604,5294.0
20260729T183102_bf16_eager,bf16_eager,3,285,320.79956,320.87642,179.94438,59.98146,4013.604,5294.0
20260729T183102_bf16_eager,bf16_eager,3,286,327.26096,327.34767,183.00214,61.00071,4013.604,5294.0
20260729T183102_bf16_eager,bf16_eager,3,287,324.97162,325.04849,179.84615,59.94872,4013.604,5294.0
20260729T183102_bf16_eager,bf16_eager,3,288,320.94016,321.02236,179.29834,59.76611,4013.604,5294.0
20260729T183102_bf16_eager,bf16_eager,3,289,331.38034,331.4619,179.8441,59.94803,4013.604,5294.0
20260729T183102_bf16_eager,bf16_eager,3,290,325.30917,325.38725,179.70586,59.90195,4013.604,5294.0
20260729T183102_bf16_eager,bf16_eager,3,291,321.14249,321.2213,179.60141,59.86714,4013.604,5294.0
20260729T183102_bf16_eager,bf16_eager,3,292,339.28149,339.36029,179.89545,59.96515,4013.604,5294.0
20260729T183102_bf16_eager,bf16_eager,3,293,335.62466,335.70299,179.42221,59.8074,4013.604,5294.0
20260729T183102_bf16_eager,bf16_eager,3,294,324.26489,324.34135,180.28851,60.09617,4013.604,5294.0
20260729T183102_bf16_eager,bf16_eager,3,295,328.49478,328.57387,181.48656,60.49552,4013.604,5294.0
20260729T183102_bf16_eager,bf16_eager,3,296,323.75342,323.83143,179.86771,59.9559,4013.604,5294.0
20260729T183102_bf16_eager,bf16_eager,3,297,321.47421,321.55184,179.9649,59.9883,4013.604,5294.0
20260729T183102_bf16_eager,bf16_eager,3,298,323.75983,323.84409,179.77242,59.92414,4013.604,5294.0
20260729T183102_bf16_eager,bf16_eager,3,299,324.09912,324.18139,180.11443,60.03814,4013.604,5294.0
20260729T183102_bf16_eager,bf16_eager,4,0,382.56824,382.65432,239.64877,59.91219,4013.604,5294.0
20260729T183102_bf16_eager,bf16_eager,4,1,384.8815,384.96476,241.90672,60.47668,4013.604,5294.0
20260729T183102_bf16_eager,bf16_eager,4,2,383.64062,383.73238,240.00307,60.00077,4013.604,5294.0
20260729T183102_bf16_eager,bf16_eager,4,3,452.76761,452.87634,243.75696,60.93924,4013.604,5294.0
20260729T183102_bf16_eager,bf16_eager,4,4,385.85315,385.93614,240.32359,60.0809,4013.604,5294.0
20260729T183102_bf16_eager,bf16_eager,4,5,380.07513,380.1586,240.11975,60.02994,4013.604,5294.0
20260729T183102_bf16_eager,bf16_eager,4,6,388.91794,389.03111,240.07168,60.01792,4013.604,5294.0
20260729T183102_bf16_eager,bf16_eager,4,7,398.47391,398.55539,239.97747,59.99437,4013.604,5294.0
20260729T183102_bf16_eager,bf16_eager,4,8,394.49335,394.57602,239.42451,59.85613,4013.604,5294.0
20260729T183102_bf16_eager,bf16_eager,4,9,415.80695,415.89891,259.70791,64.92698,4013.604,5294.0
20260729T183102_bf16_eager,bf16_eager,4,10,393.58191,393.66876,245.5408,61.3852,4013.604,5294.0
20260729T183102_bf16_eager,bf16_eager,4,11,383.7677,384.01317,239.59772,59.89943,4013.604,5294.0
20260729T183102_bf16_eager,bf16_eager,4,12,384.68314,384.76756,240.00615,60.00154,4013.604,5294.0
20260729T183102_bf16_eager,bf16_eager,4,13,383.0397,383.12144,240.15981,60.03995,4013.604,5294.0
20260729T183102_bf16_eager,bf16_eager,4,14,394.39694,394.48023,240.51802,60.12951,4013.604,5294.0
20260729T183102_bf16_eager,bf16_eager,4,15,382.83945,382.92355,240.04019,60.01005,4013.604,5294.0
20260729T183102_bf16_eager,bf16_eager,4,16,382.63599,382.71945,239.48288,59.87072,4013.604,5294.0
20260729T183102_bf16_eager,bf16_eager,4,17,450.59793,450.69225,239.61193,59.90298,4013.604,5294.0
20260729T183102_bf16_eager,bf16_eager,4,18,382.60703,382.68711,239.87101,59.96775,4013.604,5294.0
20260729T183102_bf16_eager,bf16_eager,4,19,382.64651,382.72598,239.58733,59.89683,4013.604,5294.0
20260729T183102_bf16_eager,bf16_eager,4,20,391.23993,391.32154,239.52694,59.88174,4013.604,5294.0
20260729T183102_bf16_eager,bf16_eager,4,21,414.9386,415.02067,239.20439,59.8011,4013.604,5294.0
20260729T183102_bf16_eager,bf16_eager,4,22,383.871,383.95848,239.47161,59.8679,4013.604,5294.0
20260729T183102_bf16_eager,bf16_eager,4,23,384.02094,384.11092,240.37664,60.09416,4013.604,5294.0
20260729T183102_bf16_eager,bf16_eager,4,24,405.67883,405.7669,244.62845,61.15711,4013.604,5294.0
20260729T183102_bf16_eager,bf16_eager,4,25,389.97586,390.05778,242.03878,60.5097,4013.604,5294.0
20260729T183102_bf16_eager,bf16_eager,4,26,402.36609,402.4489,240.42595,60.10649,4013.604,5294.0
20260729T183102_bf16_eager,bf16_eager,4,27,382.63593,382.71848,239.4943,59.87358,4013.604,5294.0
20260729T183102_bf16_eager,bf16_eager,4,28,413.10602,413.18794,239.50032,59.87508,4013.604,5294.0
20260729T183102_bf16_eager,bf16_eager,4,29,385.62408,385.71136,241.93031,60.48258,4013.604,5294.0
20260729T183102_bf16_eager,bf16_eager,4,30,409.77151,409.85896,239.71334,59.92834,4013.604,5294.0
20260729T183102_bf16_eager,bf16_eager,4,31,392.70483,392.79068,241.1511,60.28778,4013.604,5294.0
20260729T183102_bf16_eager,bf16_eager,4,32,383.16266,383.24518,240.12186,60.03047,4013.604,5294.0
20260729T183102_bf16_eager,bf16_eager,4,33,386.37805,386.47231,241.88211,60.47053,4013.604,5294.0
20260729T183102_bf16_eager,bf16_eager,4,34,458.03979,458.12799,240.15578,60.03894,4013.604,5294.0
20260729T183102_bf16_eager,bf16_eager,4,35,389.97189,390.05242,239.2864,59.8216,4013.604,5294.0
20260729T183102_bf16_eager,bf16_eager,4,36,385.82639,385.9147,239.5064,59.8766,4013.604,5294.0
20260729T183102_bf16_eager,bf16_eager,4,37,412.61935,412.7026,239.40599,59.8515,4013.604,5294.0
20260729T183102_bf16_eager,bf16_eager,4,38,457.64011,457.72544,239.49927,59.87482,4013.604,5294.0
20260729T183102_bf16_eager,bf16_eager,4,39,386.97574,387.06522,239.98157,59.99539,4013.604,5294.0
20260729T183102_bf16_eager,bf16_eager,4,40,382.35321,382.43709,239.83219,59.95805,4013.604,5294.0
20260729T183102_bf16_eager,bf16_eager,4,41,405.90561,406.01446,239.78589,59.94647,4013.604,5294.0
20260729T183102_bf16_eager,bf16_eager,4,42,384.29767,384.38025,239.05894,59.76474,4013.604,5294.0
20260729T183102_bf16_eager,bf16_eager,4,43,385.07925,385.1612,239.84227,59.96057,4013.604,5294.0
20260729T183102_bf16_eager,bf16_eager,4,44,382.83264,382.91477,239.42057,59.85514,4013.604,5294.0
20260729T183102_bf16_eager,bf16_eager,4,45,430.80273,431.04589,239.43789,59.85947,4013.604,5294.0
20260729T183102_bf16_eager,bf16_eager,4,46,386.25079,386.33283,239.61997,59.90499,4013.604,5294.0
20260729T183102_bf16_eager,bf16_eager,4,47,392.67404,392.75374,239.48595,59.87149,4013.604,5294.0
20260729T183102_bf16_eager,bf16_eager,4,48,388.82144,388.90307,239.524,59.881,4013.604,5294.0
20260729T183102_bf16_eager,bf16_eager,4,49,380.50644,380.59057,239.72045,59.93011,4013.604,5294.0
20260729T183102_bf16_eager,bf16_eager,4,50,390.5788,390.66293,249.05629,62.26407,4013.604,5294.0
20260729T183102_bf16_eager,bf16_eager,4,51,383.10928,383.19963,239.89043,59.97261,4013.604,5294.0
20260729T183102_bf16_eager,bf16_eager,4,52,397.79062,397.89504,250.41219,62.60305,4013.604,5294.0
20260729T183102_bf16_eager,bf16_eager,4,53,390.71039,390.7984,245.73542,61.43386,4013.604,5294.0
20260729T183102_bf16_eager,bf16_eager,4,54,390.16525,390.25316,245.06665,61.26666,4013.604,5294.0
20260729T183102_bf16_eager,bf16_eager,4,55,389.73508,389.82263,244.36135,61.09034,4013.604,5294.0
20260729T183102_bf16_eager,bf16_eager,4,56,387.39725,387.483,241.20637,60.30159,4013.604,5294.0
20260729T183102_bf16_eager,bf16_eager,4,57,391.466,391.54974,247.76908,61.94227,4013.604,5294.0
20260729T183102_bf16_eager,bf16_eager,4,58,391.64667,391.72791,244.82202,61.2055,4013.604,5294.0
20260729T183102_bf16_eager,bf16_eager,4,59,404.21841,404.30234,241.82163,60.45541,4013.604,5294.0
20260729T183102_bf16_eager,bf16_eager,4,60,384.39517,384.48076,243.20921,60.8023,4013.604,5294.0
20260729T183102_bf16_eager,bf16_eager,4,61,381.49753,381.58336,240.37594,60.09398,4013.604,5294.0
20260729T183102_bf16_eager,bf16_eager,4,62,454.73743,454.82226,244.09939,61.02485,4013.604,5294.0
20260729T183102_bf16_eager,bf16_eager,4,63,382.94153,383.02507,239.57482,59.8937,4013.604,5294.0
20260729T183102_bf16_eager,bf16_eager,4,64,392.13095,392.21692,247.78231,61.94558,4013.604,5294.0
20260729T183102_bf16_eager,bf16_eager,4,65,398.2861,398.37439,244.5025,61.12562,4013.604,5294.0
20260729T183102_bf16_eager,bf16_eager,4,66,383.94836,384.03103,240.18333,60.04583,4013.604,5294.0
20260729T183102_bf16_eager,bf16_eager,4,67,384.44922,384.53186,240.87245,60.21811,4013.604,5294.0
20260729T183102_bf16_eager,bf16_eager,4,68,391.60834,391.70364,246.7135,61.67838,4013.604,5294.0
20260729T183102_bf16_eager,bf16_eager,4,69,395.70004,395.79553,242.29696,60.57424,4013.604,5294.0
20260729T183102_bf16_eager,bf16_eager,4,70,383.16644,383.25116,239.68064,59.92016,4013.604,5294.0
20260729T183102_bf16_eager,bf16_eager,4,71,392.7963,392.88043,248.58214,62.14554,4013.604,5294.0
20260729T183102_bf16_eager,bf16_eager,4,72,385.49866,385.58122,241.71114,60.42778,4013.604,5294.0
20260729T183102_bf16_eager,bf16_eager,4,73,385.5744,385.67368,242.11974,60.52994,4013.604,5294.0
20260729T183102_bf16_eager,bf16_eager,4,74,443.34766,443.4363,240.03178,60.00794,4013.604,5294.0
20260729T183102_bf16_eager,bf16_eager,4,75,382.56854,382.65223,239.66195,59.91549,4013.604,5294.0
20260729T183102_bf16_eager,bf16_eager,4,76,383.85669,383.94065,240.7209,60.18022,4013.604,5294.0
20260729T183102_bf16_eager,bf16_eager,4,77,391.02609,391.11115,241.97952,60.49488,4013.604,5294.0
20260729T183102_bf16_eager,bf16_eager,4,78,383.55511,383.64,240.01024,60.00256,4013.604,5294.0
20260729T183102_bf16_eager,bf16_eager,4,79,386.146,386.2299,242.49556,60.62389,4013.604,5294.0
20260729T183102_bf16_eager,bf16_eager,4,80,384.25595,384.34418,239.58016,59.89504,4013.604,5294.0
20260729T183102_bf16_eager,bf16_eager,4,81,382.80725,382.88934,239.72762,59.9319,4013.604,5294.0
20260729T183102_bf16_eager,bf16_eager,4,82,431.99622,432.08088,239.51872,59.87968,4013.604,5294.0
20260729T183102_bf16_eager,bf16_eager,4,83,388.83853,388.92583,239.60057,59.90014,4013.604,5294.0
20260729T183102_bf16_eager,bf16_eager,4,84,385.38864,385.46984,239.37424,59.84356,4013.604,5294.0
20260729T183102_bf16_eager,bf16_eager,4,85,385.50699,385.59319,240.13526,60.03382,4013.604,5294.0
20260729T183102_bf16_eager,bf16_eager,4,86,385.35733,385.44382,241.18169,60.29542,4013.604,5294.0
20260729T183102_bf16_eager,bf16_eager,4,87,390.55692,390.64635,241.3239,60.33098,4013.604,5294.0
20260729T183102_bf16_eager,bf16_eager,4,88,383.40756,383.49192,239.83718,59.9593,4013.604,5294.0
20260729T183102_bf16_eager,bf16_eager,4,89,386.0354,386.11786,240.14544,60.03636,4013.604,5294.0
20260729T183102_bf16_eager,bf16_eager,4,90,404.80936,404.89634,247.75066,61.93766,4013.604,5294.0
20260729T183102_bf16_eager,bf16_eager,4,91,423.17209,423.25993,247.47923,61.86981,4013.604,5294.0
20260729T183102_bf16_eager,bf16_eager,4,92,450.79169,450.87421,239.31709,59.82927,4013.604,5294.0
20260729T183102_bf16_eager,bf16_eager,4,93,382.19955,382.2828,239.74707,59.93677,4013.604,5294.0
20260729T183102_bf16_eager,bf16_eager,4,94,418.33942,418.41779,239.60166,59.90042,4013.604,5294.0
20260729T183102_bf16_eager,bf16_eager,4,95,389.84241,389.92799,239.87206,59.96802,4013.604,5294.0
20260729T183102_bf16_eager,bf16_eager,4,96,451.34778,451.43063,239.68666,59.92166,4013.604,5294.0
20260729T183102_bf16_eager,bf16_eager,4,97,399.53894,399.62341,240.88582,60.22146,4013.604,5294.0
20260729T183102_bf16_eager,bf16_eager,4,98,385.27887,385.36136,239.72646,59.93162,4013.604,5294.0
20260729T183102_bf16_eager,bf16_eager,4,99,389.58743,389.66987,244.0345,61.00863,4013.604,5294.0
20260729T183102_bf16_eager,bf16_eager,4,100,387.84787,387.93669,242.97379,60.74345,4013.604,5294.0
20260729T183102_bf16_eager,bf16_eager,4,101,394.63577,394.72325,246.80346,61.70086,4013.604,5294.0
20260729T183102_bf16_eager,bf16_eager,4,102,383.42554,383.50578,240.16176,60.04044,4013.604,5294.0
20260729T183102_bf16_eager,bf16_eager,4,103,384.42197,384.50324,239.5639,59.89097,4013.604,5294.0
20260729T183102_bf16_eager,bf16_eager,4,104,397.61319,397.69854,245.31757,61.32939,4013.604,5294.0
20260729T183102_bf16_eager,bf16_eager,4,105,386.55109,386.63738,242.92563,60.73141,4013.604,5294.0
20260729T183102_bf16_eager,bf16_eager,4,106,386.73166,386.81817,243.3434,60.83585,4013.604,5294.0
20260729T183102_bf16_eager,bf16_eager,4,107,382.75995,382.84091,239.64058,59.91014,4013.604,5294.0
20260729T183102_bf16_eager,bf16_eager,4,108,387.60281,387.68268,244.02749,61.00687,4013.604,5294.0
20260729T183102_bf16_eager,bf16_eager,4,109,383.18063,383.26021,240.63181,60.15795,4013.604,5294.0
20260729T183102_bf16_eager,bf16_eager,4,110,382.22281,382.31004,239.68467,59.92117,4013.604,5294.0
20260729T183102_bf16_eager,bf16_eager,4,111,386.92639,387.0109,239.57924,59.89481,4013.604,5294.0
20260729T183102_bf16_eager,bf16_eager,4,112,453.17331,453.25432,239.36618,59.84154,4013.604,5294.0
20260729T183102_bf16_eager,bf16_eager,4,113,382.36319,382.44371,239.76157,59.94039,4013.604,5294.0
20260729T183102_bf16_eager,bf16_eager,4,114,381.92514,382.00491,239.4624,59.8656,4013.604,5294.0
20260729T183102_bf16_eager,bf16_eager,4,115,381.90265,381.98311,239.37638,59.8441,4013.604,5294.0
20260729T183102_bf16_eager,bf16_eager,4,116,390.21582,390.29548,239.70317,59.92579,4013.604,5294.0
20260729T183102_bf16_eager,bf16_eager,4,117,382.40002,382.48204,239.56576,59.89144,4013.604,5294.0
20260729T183102_bf16_eager,bf16_eager,4,118,386.39151,386.47911,241.19808,60.29952,4013.604,5294.0
20260729T183102_bf16_eager,bf16_eager,4,119,393.84033,393.92094,239.445,59.86125,4013.604,5294.0
20260729T183102_bf16_eager,bf16_eager,4,120,410.00082,410.08487,239.3887,59.84718,4013.604,5294.0
20260729T183102_bf16_eager,bf16_eager,4,121,389.72342,389.80159,239.38285,59.84571,4013.604,5294.0
20260729T183102_bf16_eager,bf16_eager,4,122,383.26343,383.34419,239.75424,59.93856,4013.604,5294.0
20260729T183102_bf16_eager,bf16_eager,4,123,387.74039,387.82388,239.64161,59.9104,4013.604,5294.0
20260729T183102_bf16_eager,bf16_eager,4,124,387.9617,388.05295,241.25338,60.31334,4013.604,5294.0
20260729T183102_bf16_eager,bf16_eager,4,125,408.05969,408.14321,239.50442,59.87611,4013.604,5294.0
20260729T183102_bf16_eager,bf16_eager,4,126,382.54355,382.62305,239.69085,59.92271,4013.604,5294.0
20260729T183102_bf16_eager,bf16_eager,4,127,383.99133,384.07074,239.47255,59.86814,4013.604,5294.0
20260729T183102_bf16_eager,bf16_eager,4,128,381.8089,381.88748,239.31811,59.82953,4013.604,5294.0
20260729T183102_bf16_eager,bf16_eager,4,129,400.10977,400.19075,239.38154,59.84538,4013.604,5294.0
20260729T183102_bf16_eager,bf16_eager,4,130,391.39749,391.48403,239.46029,59.86507,4013.604,5294.0
20260729T183102_bf16_eager,bf16_eager,4,131,445.28632,445.36985,239.87405,59.96851,4013.604,5294.0
20260729T183102_bf16_eager,bf16_eager,4,132,385.87329,385.95275,239.79421,59.94855,4013.604,5294.0
20260729T183102_bf16_eager,bf16_eager,4,133,381.98792,382.06914,239.53712,59.88428,4013.604,5294.0
20260729T183102_bf16_eager,bf16_eager,4,134,413.68823,413.76974,239.61907,59.90477,4013.604,5294.0
20260729T183102_bf16_eager,bf16_eager,4,135,385.64441,385.73822,239.744,59.936,4013.604,5294.0
20260729T183102_bf16_eager,bf16_eager,4,136,439.72751,439.80628,240.02356,60.00589,4013.604,5294.0
20260729T183102_bf16_eager,bf16_eager,4,137,382.05334,382.13399,238.97913,59.74478,4013.604,5294.0
20260729T183102_bf16_eager,bf16_eager,4,138,446.26294,446.34378,239.48499,59.87125,4013.604,5294.0
20260729T183102_bf16_eager,bf16_eager,4,139,406.64224,406.73683,245.93008,61.48252,4013.604,5294.0
20260729T183102_bf16_eager,bf16_eager,4,140,394.29529,394.40215,239.43475,59.85869,4013.604,5294.0
20260729T183102_bf16_eager,bf16_eager,4,141,384.72638,384.81024,242.63066,60.65766,4013.604,5294.0
20260729T183102_bf16_eager,bf16_eager,4,142,422.08243,422.16532,242.58048,60.64512,4013.604,5294.0
20260729T183102_bf16_eager,bf16_eager,4,143,386.35501,386.43713,242.11866,60.52966,4013.604,5294.0
20260729T183102_bf16_eager,bf16_eager,4,144,389.91318,389.99707,240.03277,60.00819,4013.604,5294.0
20260729T183102_bf16_eager,bf16_eager,4,145,444.06262,444.14929,239.85575,59.96394,4013.604,5294.0
20260729T183102_bf16_eager,bf16_eager,4,146,392.14047,392.22334,240.12391,60.03098,4013.604,5294.0
20260729T183102_bf16_eager,bf16_eager,4,147,392.78159,392.86391,241.0824,60.2706,4013.604,5294.0
20260729T183102_bf16_eager,bf16_eager,4,148,400.03967,400.12039,239.0744,59.7686,4013.604,5294.0
20260729T183102_bf16_eager,bf16_eager,4,149,445.96454,446.06104,239.90579,59.97645,4013.604,5294.0
20260729T183102_bf16_eager,bf16_eager,4,150,389.9614,390.04496,239.63136,59.90784,4013.604,5294.0
20260729T183102_bf16_eager,bf16_eager,4,151,385.34573,385.57821,241.7193,60.42982,4013.604,5294.0
20260729T183102_bf16_eager,bf16_eager,4,152,393.39844,393.48081,243.29536,60.82384,4013.604,5294.0
20260729T183102_bf16_eager,bf16_eager,4,153,407.79532,407.91859,264.53811,66.13453,4013.604,5294.0
20260729T183102_bf16_eager,bf16_eager,4,154,437.19522,437.28306,276.43494,69.10873,4013.604,5294.0
20260729T183102_bf16_eager,bf16_eager,4,155,415.25665,415.33823,241.79002,60.4475,4013.604,5294.0
20260729T183102_bf16_eager,bf16_eager,4,156,411.29681,411.37739,239.48483,59.87121,4013.604,5294.0
20260729T183102_bf16_eager,bf16_eager,4,157,406.23291,406.31724,239.7696,59.9424,4013.604,5294.0
20260729T183102_bf16_eager,bf16_eager,4,158,382.13165,382.21056,239.67628,59.91907,4013.604,5294.0
20260729T183102_bf16_eager,bf16_eager,4,159,381.76749,381.84888,239.49712,59.87428,4013.604,5294.0
20260729T183102_bf16_eager,bf16_eager,4,160,385.45349,385.53475,242.69824,60.67456,4013.604,5294.0
20260729T183102_bf16_eager,bf16_eager,4,161,397.79022,397.87218,239.80758,59.9519,4013.604,5294.0
20260729T183102_bf16_eager,bf16_eager,4,162,383.56268,383.64278,240.1454,60.03635,4013.604,5294.0
20260729T183102_bf16_eager,bf16_eager,4,163,386.07742,386.16642,240.1455,60.03638,4013.604,5294.0
20260729T183102_bf16_eager,bf16_eager,4,164,385.79065,385.87638,242.49958,60.6249,4013.604,5294.0
20260729T183102_bf16_eager,bf16_eager,4,165,384.59143,384.67365,240.19149,60.04787,4013.604,5294.0
20260729T183102_bf16_eager,bf16_eager,4,166,388.7366,388.81809,242.28864,60.57216,4013.604,5294.0
20260729T183102_bf16_eager,bf16_eager,4,167,388.15363,388.23678,242.41459,60.60365,4013.604,5294.0
20260729T183102_bf16_eager,bf16_eager,4,168,388.45538,388.53782,244.7495,61.18738,4013.604,5294.0
20260729T183102_bf16_eager,bf16_eager,4,169,385.91919,386.00343,240.01651,60.00413,4013.604,5294.0
20260729T183102_bf16_eager,bf16_eager,4,170,417.2417,417.32607,239.71738,59.92934,4013.604,5294.0
20260729T183102_bf16_eager,bf16_eager,4,171,385.02234,385.10408,239.87399,59.9685,4013.604,5294.0
20260729T183102_bf16_eager,bf16_eager,4,172,447.44504,447.52563,240.41779,60.10445,4013.604,5294.0
20260729T183102_bf16_eager,bf16_eager,4,173,390.07172,390.15089,239.77687,59.94422,4013.604,5294.0
20260729T183102_bf16_eager,bf16_eager,4,174,408.20593,408.28648,239.488,59.872,4013.604,5294.0
20260729T183102_bf16_eager,bf16_eager,4,175,383.1647,383.24494,239.7768,59.9442,4013.604,5294.0
20260729T183102_bf16_eager,bf16_eager,4,176,387.14224,387.22255,243.05142,60.76286,4013.604,5294.0
20260729T183102_bf16_eager,bf16_eager,4,177,386.21329,386.29474,242.62144,60.65536,4013.604,5294.0
20260729T183102_bf16_eager,bf16_eager,4,178,384.34402,384.4239,239.83623,59.95906,4013.604,5294.0
20260729T183102_bf16_eager,bf16_eager,4,179,394.90671,394.98909,239.75146,59.93786,4013.604,5294.0
20260729T183102_bf16_eager,bf16_eager,4,180,386.99265,387.07128,241.25536,60.31384,4013.604,5294.0
20260729T183102_bf16_eager,bf16_eager,4,181,384.48178,384.56445,239.85869,59.96467,4013.604,5294.0
20260729T183102_bf16_eager,bf16_eager,4,182,385.4407,385.5202,239.90681,59.9767,4013.604,5294.0
20260729T183102_bf16_eager,bf16_eager,4,183,384.59735,384.67776,239.70813,59.92703,4013.604,5294.0
20260729T183102_bf16_eager,bf16_eager,4,184,405.87323,405.95187,239.95085,59.98771,4013.604,5294.0
20260729T183102_bf16_eager,bf16_eager,4,185,383.96722,384.0475,240.63795,60.15949,4013.604,5294.0
20260729T183102_bf16_eager,bf16_eager,4,186,386.81625,386.89686,240.03165,60.00791,4013.604,5294.0
20260729T183102_bf16_eager,bf16_eager,4,187,389.30795,389.38986,240.00717,60.00179,4013.604,5294.0
20260729T183102_bf16_eager,bf16_eager,4,188,415.67758,415.75992,241.74489,60.43622,4013.604,5294.0
20260729T183102_bf16_eager,bf16_eager,4,189,397.40802,397.50247,242.93478,60.7337,4013.604,5294.0
20260729T183102_bf16_eager,bf16_eager,4,190,415.95572,416.04046,243.27076,60.81769,4013.604,5294.0
20260729T183102_bf16_eager,bf16_eager,4,191,386.69708,386.78375,241.83501,60.45875,4013.604,5294.0
20260729T183102_bf16_eager,bf16_eager,4,192,389.90552,389.98869,241.82579,60.45645,4013.604,5294.0
20260729T183102_bf16_eager,bf16_eager,4,193,395.30313,395.39061,247.01043,61.75261,4013.604,5294.0
20260729T183102_bf16_eager,bf16_eager,4,194,396.37543,396.46089,249.15353,62.28838,4013.604,5294.0
20260729T183102_bf16_eager,bf16_eager,4,195,389.48746,389.56959,240.768,60.192,4013.604,5294.0
20260729T183102_bf16_eager,bf16_eager,4,196,384.00867,384.08976,241.10698,60.27674,4013.604,5294.0
20260729T183102_bf16_eager,bf16_eager,4,197,385.98758,386.0702,240.16692,60.04173,4013.604,5294.0
20260729T183102_bf16_eager,bf16_eager,4,198,396.17575,396.25326,239.80336,59.95084,4013.604,5294.0
20260729T183102_bf16_eager,bf16_eager,4,199,382.67191,382.75299,239.88941,59.97235,4013.604,5294.0
20260729T183102_bf16_eager,bf16_eager,4,200,382.58936,382.67192,240.07795,60.01949,4013.604,5294.0
20260729T183102_bf16_eager,bf16_eager,4,201,383.47806,383.55795,240.49766,60.12442,4013.604,5294.0
20260729T183102_bf16_eager,bf16_eager,4,202,384.43365,384.51345,241.76633,60.44158,4013.604,5294.0
20260729T183102_bf16_eager,bf16_eager,4,203,382.45984,382.53993,239.81974,59.95494,4013.604,5294.0
20260729T183102_bf16_eager,bf16_eager,4,204,389.02252,389.10802,243.42934,60.85734,4013.604,5294.0
20260729T183102_bf16_eager,bf16_eager,4,205,383.43289,383.51702,240.35226,60.08806,4013.604,5294.0
20260729T183102_bf16_eager,bf16_eager,4,206,383.47449,383.55891,240.3503,60.08758,4013.604,5294.0
20260729T183102_bf16_eager,bf16_eager,4,207,385.0134,385.09611,241.50941,60.37735,4013.604,5294.0
20260729T183102_bf16_eager,bf16_eager,4,208,385.37717,385.46447,239.67846,59.91962,4013.604,5294.0
20260729T183102_bf16_eager,bf16_eager,4,209,447.73367,447.81631,242.90714,60.72678,4013.604,5294.0
20260729T183102_bf16_eager,bf16_eager,4,210,405.54028,405.62808,246.5178,61.62945,4013.604,5294.0
20260729T183102_bf16_eager,bf16_eager,4,211,418.69327,418.78493,249.51494,62.37874,4013.604,5294.0
20260729T183102_bf16_eager,bf16_eager,4,212,386.38638,386.47243,244.82608,61.20652,4013.604,5294.0
20260729T183102_bf16_eager,bf16_eager,4,213,392.10501,392.18979,243.62896,60.90724,4013.604,5294.0
20260729T183102_bf16_eager,bf16_eager,4,214,386.2439,386.32864,243.85939,60.96485,4013.604,5294.0
20260729T183102_bf16_eager,bf16_eager,4,215,402.18359,402.27215,248.69491,62.17373,4013.604,5294.0
20260729T183102_bf16_eager,bf16_eager,4,216,390.90533,390.99001,248.23296,62.05824,4013.604,5294.0
20260729T183102_bf16_eager,bf16_eager,4,217,395.18845,395.27863,240.82746,60.20686,4013.604,5294.0
20260729T183102_bf16_eager,bf16_eager,4,218,405.73676,405.82761,240.0718,60.01795,4013.604,5294.0
20260729T183102_bf16_eager,bf16_eager,4,219,454.13452,454.2172,239.81456,59.95364,4013.604,5294.0
20260729T183102_bf16_eager,bf16_eager,4,220,385.51105,385.59367,239.89859,59.97465,4013.604,5294.0
20260729T183102_bf16_eager,bf16_eager,4,221,445.36572,445.44506,239.62112,59.90528,4013.604,5294.0
20260729T183102_bf16_eager,bf16_eager,4,222,398.38049,398.46107,239.85264,59.96316,4013.604,5294.0
20260729T183102_bf16_eager,bf16_eager,4,223,382.13342,382.21423,239.58016,59.89504,4013.604,5294.0
20260729T183102_bf16_eager,bf16_eager,4,224,382.76324,382.84082,239.76851,59.94213,4013.604,5294.0
20260729T183102_bf16_eager,bf16_eager,4,225,382.77676,382.85827,240.11571,60.02893,4013.604,5294.0
20260729T183102_bf16_eager,bf16_eager,4,226,382.20273,382.2823,239.67017,59.91754,4013.604,5294.0
20260729T183102_bf16_eager,bf16_eager,4,227,382.34348,382.42372,239.57517,59.89379,4013.604,5294.0
20260729T183102_bf16_eager,bf16_eager,4,228,385.18503,385.26628,242.14426,60.53606,4013.604,5294.0
20260729T183102_bf16_eager,bf16_eager,4,229,385.28363,385.36652,240.61952,60.15488,4013.604,5294.0
20260729T183102_bf16_eager,bf16_eager,4,230,386.13263,386.21928,241.79303,60.44826,4013.604,5294.0
20260729T183102_bf16_eager,bf16_eager,4,231,439.64102,439.7274,242.12387,60.53097,4013.604,5294.0
20260729T183102_bf16_eager,bf16_eager,4,232,387.56628,387.6606,243.95565,60.98891,4013.604,5294.0
20260729T183102_bf16_eager,bf16_eager,4,233,457.5838,457.6709,243.90554,60.97638,4013.604,5294.0
20260729T183102_bf16_eager,bf16_eager,4,234,384.92303,385.00375,241.88211,60.47053,4013.604,5294.0
20260729T183102_bf16_eager,bf16_eager,4,235,387.96194,388.04501,244.49744,61.12436,4013.604,5294.0
20260729T183102_bf16_eager,bf16_eager,4,236,382.02045,382.10583,239.64995,59.91249,4013.604,5294.0
20260729T183102_bf16_eager,bf16_eager,4,237,385.89697,385.97837,239.50631,59.87658,4013.604,5294.0
20260729T183102_bf16_eager,bf16_eager,4,238,382.7597,382.83692,240.15786,60.03946,4013.604,5294.0
20260729T183102_bf16_eager,bf16_eager,4,239,385.24634,385.32829,240.31334,60.07834,4013.604,5294.0
20260729T183102_bf16_eager,bf16_eager,4,240,391.81155,391.8967,245.45085,61.36271,4013.604,5294.0
20260729T183102_bf16_eager,bf16_eager,4,241,383.10449,383.18328,240.00112,60.00028,4013.604,5294.0
20260729T183102_bf16_eager,bf16_eager,4,242,388.90887,388.99067,243.18445,60.79611,4013.604,5294.0
20260729T183102_bf16_eager,bf16_eager,4,243,388.4115,388.49102,241.72032,60.43008,4013.604,5294.0
20260729T183102_bf16_eager,bf16_eager,4,244,404.24335,404.32307,244.34493,61.08623,4013.604,5294.0
20260729T183102_bf16_eager,bf16_eager,4,245,402.11029,402.20051,242.04493,60.51123,4013.604,5294.0
20260729T183102_bf16_eager,bf16_eager,4,246,384.2413,384.32036,241.06698,60.26674,4013.604,5294.0
20260729T183102_bf16_eager,bf16_eager,4,247,382.28027,382.36745,239.79203,59.94801,4013.604,5294.0
20260729T183102_bf16_eager,bf16_eager,4,248,383.32413,383.40651,240.13629,60.03407,4013.604,5294.0
20260729T183102_bf16_eager,bf16_eager,4,249,382.29691,382.37989,239.8096,59.9524,4013.604,5294.0
20260729T183102_bf16_eager,bf16_eager,4,250,384.93491,385.01582,239.95798,59.9895,4013.604,5294.0
20260729T183102_bf16_eager,bf16_eager,4,251,390.38828,390.46763,240.11161,60.0279,4013.604,5294.0
20260729T183102_bf16_eager,bf16_eager,4,252,383.01636,383.09323,240.22733,60.05683,4013.604,5294.0
20260729T183102_bf16_eager,bf16_eager,4,253,385.24527,385.33018,241.47955,60.36989,4013.604,5294.0
20260729T183102_bf16_eager,bf16_eager,4,254,384.96567,385.0443,239.95491,59.98873,4013.604,5294.0
20260729T183102_bf16_eager,bf16_eager,4,255,386.92969,387.01012,240.14233,60.03558,4013.604,5294.0
20260729T183102_bf16_eager,bf16_eager,4,256,459.02591,459.11424,242.68697,60.67174,4013.604,5294.0
20260729T183102_bf16_eager,bf16_eager,4,257,433.88583,433.98067,245.61255,61.40314,4013.604,5294.0
20260729T183102_bf16_eager,bf16_eager,4,258,396.31946,396.40251,248.17356,62.04339,4013.604,5294.0
20260729T183102_bf16_eager,bf16_eager,4,259,383.97601,384.05759,240.97178,60.24294,4013.604,5294.0
20260729T183102_bf16_eager,bf16_eager,4,260,389.97537,390.05665,239.33747,59.83437,4013.604,5294.0
20260729T183102_bf16_eager,bf16_eager,4,261,399.15485,399.23459,241.61894,60.40474,4013.604,5294.0
20260729T183102_bf16_eager,bf16_eager,4,262,385.13361,385.2123,239.59654,59.89914,4013.604,5294.0
20260729T183102_bf16_eager,bf16_eager,4,263,421.13489,421.22001,239.77671,59.94418,4013.604,5294.0
20260729T183102_bf16_eager,bf16_eager,4,264,441.60019,441.6836,246.20746,61.55186,4013.604,5294.0
20260729T183102_bf16_eager,bf16_eager,4,265,415.76666,415.8488,242.33165,60.58291,4013.604,5294.0
20260729T183102_bf16_eager,bf16_eager,4,266,383.82059,383.89976,240.12077,60.03019,4013.604,5294.0
20260729T183102_bf16_eager,bf16_eager,4,267,399.96991,400.05138,239.99072,59.99768,4013.604,5294.0
20260729T183102_bf16_eager,bf16_eager,4,268,392.64114,392.72367,243.55824,60.88956,4013.604,5294.0
20260729T183102_bf16_eager,bf16_eager,4,269,395.43784,395.522,243.02285,60.75571,4013.604,5294.0
20260729T183102_bf16_eager,bf16_eager,4,270,382.51562,382.60842,242.1833,60.54582,4013.604,5294.0
20260729T183102_bf16_eager,bf16_eager,4,271,453.01715,453.10289,243.04026,60.76006,4013.604,5294.0
20260729T183102_bf16_eager,bf16_eager,4,272,382.40518,382.48715,240.02454,60.00614,4013.604,5294.0
20260729T183102_bf16_eager,bf16_eager,4,273,444.21518,444.29826,240.22233,60.05558,4013.604,5294.0
20260729T183102_bf16_eager,bf16_eager,4,274,385.7963,385.88797,241.98656,60.49664,4013.604,5294.0
20260729T183102_bf16_eager,bf16_eager,4,275,452.25629,452.34295,241.30352,60.32588,4013.604,5294.0
20260729T183102_bf16_eager,bf16_eager,4,276,388.59814,388.68118,239.90067,59.97517,4013.604,5294.0
20260729T183102_bf16_eager,bf16_eager,4,277,383.61691,383.69894,240.14752,60.03688,4013.604,5294.0
20260729T183102_bf16_eager,bf16_eager,4,278,386.52332,386.607,243.44787,60.86197,4013.604,5294.0
20260729T183102_bf16_eager,bf16_eager,4,279,388.90442,388.99126,241.68042,60.4201,4013.604,5294.0
20260729T183102_bf16_eager,bf16_eager,4,280,399.21964,399.30366,242.57946,60.64486,4013.604,5294.0
20260729T183102_bf16_eager,bf16_eager,4,281,388.44318,388.52631,243.67002,60.9175,4013.604,5294.0
20260729T183102_bf16_eager,bf16_eager,4,282,384.24222,384.32451,241.24723,60.31181,4013.604,5294.0
20260729T183102_bf16_eager,bf16_eager,4,283,387.46814,387.54803,240.87654,60.21914,4013.604,5294.0
20260729T183102_bf16_eager,bf16_eager,4,284,384.22467,384.31603,241.42743,60.35686,4013.604,5294.0
20260729T183102_bf16_eager,bf16_eager,4,285,410.11191,410.19883,241.89747,60.47437,4013.604,5294.0
20260729T183102_bf16_eager,bf16_eager,4,286,382.37994,382.46315,241.82467,60.45617,4013.604,5294.0
20260729T183102_bf16_eager,bf16_eager,4,287,392.65811,392.7436,240.1086,60.02715,4013.604,5294.0
20260729T183102_bf16_eager,bf16_eager,4,288,395.38327,395.46431,239.55046,59.88762,4013.604,5294.0
20260729T183102_bf16_eager,bf16_eager,4,289,383.01984,383.09908,240.0103,60.00257,4013.604,5294.0
20260729T183102_bf16_eager,bf16_eager,4,290,384.32541,384.40374,239.9272,59.9818,4013.604,5294.0
20260729T183102_bf16_eager,bf16_eager,4,291,388.62741,388.70688,239.88854,59.97214,4013.604,5294.0
20260729T183102_bf16_eager,bf16_eager,4,292,418.57898,418.65843,239.85671,59.96418,4013.604,5294.0
20260729T183102_bf16_eager,bf16_eager,4,293,385.29324,385.37392,240.17315,60.04329,4013.604,5294.0
20260729T183102_bf16_eager,bf16_eager,4,294,391.6423,391.72436,239.72445,59.93111,4013.604,5294.0
20260729T183102_bf16_eager,bf16_eager,4,295,444.05594,444.1356,239.89146,59.97286,4013.604,5294.0
20260729T183102_bf16_eager,bf16_eager,4,296,387.43851,387.51657,240.29389,60.07347,4013.604,5294.0
20260729T183102_bf16_eager,bf16_eager,4,297,398.93292,399.01953,245.3943,61.34858,4013.604,5294.0
20260729T183102_bf16_eager,bf16_eager,4,298,384.25201,384.33826,240.3328,60.0832,4013.604,5294.0
20260729T183102_bf16_eager,bf16_eager,4,299,392.3327,392.41764,245.1344,61.2836,4013.604,5294.0
20260729T183102_bf16_eager,bf16_eager,5,0,499.39062,499.47682,310.08765,62.01753,4013.604,5294.0
20260729T183102_bf16_eager,bf16_eager,5,1,453.44681,453.53308,300.32896,60.06579,4013.604,5294.0
20260729T183102_bf16_eager,bf16_eager,5,2,520.49066,520.58846,299.95929,59.99186,4013.604,5294.0
20260729T183102_bf16_eager,bf16_eager,5,3,446.33606,446.43558,299.7647,59.95294,4013.604,5294.0
20260729T183102_bf16_eager,bf16_eager,5,4,499.22522,499.33461,299.86723,59.97345,4013.604,5294.0
20260729T183102_bf16_eager,bf16_eager,5,5,450.22293,450.30429,302.79271,60.55854,4013.604,5294.0
20260729T183102_bf16_eager,bf16_eager,5,6,459.13004,459.20891,298.89741,59.77948,4013.604,5294.0
20260729T183102_bf16_eager,bf16_eager,5,7,446.69229,446.78049,299.23949,59.8479,4013.604,5294.0
20260729T183102_bf16_eager,bf16_eager,5,8,514.75317,514.83913,299.86816,59.97363,4013.604,5294.0
20260729T183102_bf16_eager,bf16_eager,5,9,445.38718,445.46978,300.13021,60.02604,4013.604,5294.0
20260729T183102_bf16_eager,bf16_eager,5,10,448.1796,448.26991,299.88438,59.97688,4013.604,5294.0
20260729T183102_bf16_eager,bf16_eager,5,11,472.03125,472.11108,299.28653,59.85731,4013.604,5294.0
20260729T183102_bf16_eager,bf16_eager,5,12,443.94794,444.02773,299.17296,59.83459,4013.604,5294.0
20260729T183102_bf16_eager,bf16_eager,5,13,442.89276,442.97136,299.0192,59.80384,4013.604,5294.0
20260729T183102_bf16_eager,bf16_eager,5,14,442.94513,443.02437,299.33456,59.86691,4013.604,5294.0
20260729T183102_bf16_eager,bf16_eager,5,15,445.78357,445.8638,299.26387,59.85277,4013.604,5294.0
20260729T183102_bf16_eager,bf16_eager,5,16,470.66251,470.75144,300.67504,60.13501,4013.604,5294.0
20260729T183102_bf16_eager,bf16_eager,5,17,455.8591,455.94432,299.68678,59.93736,4013.604,5294.0
20260729T183102_bf16_eager,bf16_eager,5,18,447.34689,447.59384,301.53421,60.30684,4013.604,5294.0
20260729T183102_bf16_eager,bf16_eager,5,19,450.89316,450.97974,302.11171,60.42234,4013.604,5294.0
20260729T183102_bf16_eager,bf16_eager,5,20,443.87405,443.9553,299.66643,59.93329,4013.604,5294.0
20260729T183102_bf16_eager,bf16_eager,5,21,444.54688,444.62651,299.99821,59.99964,4013.604,5294.0
20260729T183102_bf16_eager,bf16_eager,5,22,513.65295,513.73492,300.40986,60.08197,4013.604,5294.0
20260729T183102_bf16_eager,bf16_eager,5,23,443.87021,443.9502,300.00121,60.00024,4013.604,5294.0
20260729T183102_bf16_eager,bf16_eager,5,24,448.56247,448.64778,299.79776,59.95955,4013.604,5294.0
20260729T183102_bf16_eager,bf16_eager,5,25,443.74872,443.84085,299.70944,59.94189,4013.604,5294.0
20260729T183102_bf16_eager,bf16_eager,5,26,448.25476,448.34221,303.80749,60.7615,4013.604,5294.0
20260729T183102_bf16_eager,bf16_eager,5,27,445.38208,445.46393,299.79239,59.95848,4013.604,5294.0
20260729T183102_bf16_eager,bf16_eager,5,28,444.33411,444.41748,299.53946,59.90789,4013.604,5294.0
20260729T183102_bf16_eager,bf16_eager,5,29,444.04736,444.12748,299.85398,59.9708,4013.604,5294.0
20260729T183102_bf16_eager,bf16_eager,5,30,443.48071,443.56172,299.57107,59.91421,4013.604,5294.0
20260729T183102_bf16_eager,bf16_eager,5,31,453.94312,454.03082,304.424,60.8848,4013.604,5294.0
20260729T183102_bf16_eager,bf16_eager,5,32,444.48074,444.56649,301.64173,60.32835,4013.604,5294.0
20260729T183102_bf16_eager,bf16_eager,5,33,449.25296,449.33577,302.08397,60.41679,4013.604,5294.0
20260729T183102_bf16_eager,bf16_eager,5,34,454.10974,454.19633,302.28179,60.45636,4013.604,5294.0
20260729T183102_bf16_eager,bf16_eager,5,35,449.68744,449.77369,304.69533,60.93907,4013.604,5294.0
20260729T183102_bf16_eager,bf16_eager,5,36,444.69034,444.77299,302.14848,60.4297,4013.604,5294.0
20260729T183102_bf16_eager,bf16_eager,5,37,448.73264,448.8152,299.84966,59.96993,4013.604,5294.0
20260729T183102_bf16_eager,bf16_eager,5,38,446.92746,447.00896,301.83322,60.36664,4013.604,5294.0
20260729T183102_bf16_eager,bf16_eager,5,39,443.92465,444.00556,299.81594,59.96319,4013.604,5294.0
20260729T183102_bf16_eager,bf16_eager,5,40,446.59277,446.6746,300.16,60.032,4013.604,5294.0
20260729T183102_bf16_eager,bf16_eager,5,41,443.36215,443.44312,299.43706,59.88741,4013.604,5294.0
20260729T183102_bf16_eager,bf16_eager,5,42,447.9498,448.03018,299.73405,59.94681,4013.604,5294.0
20260729T183102_bf16_eager,bf16_eager,5,43,446.28534,446.36602,299.54153,59.90831,4013.604,5294.0
20260729T183102_bf16_eager,bf16_eager,5,44,515.37939,515.4602,300.04842,60.00968,4013.604,5294.0
20260729T183102_bf16_eager,bf16_eager,5,45,445.01651,445.09711,299.78215,59.95643,4013.604,5294.0
20260729T183102_bf16_eager,bf16_eager,5,46,449.78421,449.8638,299.51488,59.90298,4013.604,5294.0
20260729T183102_bf16_eager,bf16_eager,5,47,443.0531,443.13111,299.37357,59.87471,4013.604,5294.0
20260729T183102_bf16_eager,bf16_eager,5,48,443.55621,443.63459,299.52714,59.90543,4013.604,5294.0
20260729T183102_bf16_eager,bf16_eager,5,49,443.7908,443.87139,299.20457,59.84091,4013.604,5294.0
20260729T183102_bf16_eager,bf16_eager,5,50,445.12701,445.20858,299.98387,59.99677,4013.604,5294.0
20260729T183102_bf16_eager,bf16_eager,5,51,445.00882,445.08969,300.98944,60.19789,4013.604,5294.0
20260729T183102_bf16_eager,bf16_eager,5,52,449.24792,449.3272,299.80768,59.96154,4013.604,5294.0
20260729T183102_bf16_eager,bf16_eager,5,53,461.90131,462.00281,304.45987,60.89197,4013.604,5294.0
20260729T183102_bf16_eager,bf16_eager,5,54,468.89008,468.9776,299.32029,59.86406,4013.604,5294.0
20260729T183102_bf16_eager,bf16_eager,5,55,509.34351,509.44071,303.42543,60.68509,4013.604,5294.0
20260729T183102_bf16_eager,bf16_eager,5,56,459.35233,459.4413,305.21763,61.04353,4013.604,5294.0
20260729T183102_bf16_eager,bf16_eager,5,57,445.06497,445.14778,299.2169,59.84338,4013.604,5294.0
20260729T183102_bf16_eager,bf16_eager,5,58,447.37061,447.45318,302.19981,60.43996,4013.604,5294.0
20260729T183102_bf16_eager,bf16_eager,5,59,444.28323,444.36234,300.22138,60.04428,4013.604,5294.0
20260729T183102_bf16_eager,bf16_eager,5,60,444.86954,444.95403,299.84461,59.96892,4013.604,5294.0
20260729T183102_bf16_eager,bf16_eager,5,61,444.76794,444.85262,299.81613,59.96323,4013.604,5294.0
20260729T183102_bf16_eager,bf16_eager,5,62,454.70804,454.79194,299.59987,59.91997,4013.604,5294.0
20260729T183102_bf16_eager,bf16_eager,5,63,513.88354,513.96964,299.69008,59.93802,4013.604,5294.0
20260729T183102_bf16_eager,bf16_eager,5,64,504.6644,504.75018,299.16452,59.8329,4013.604,5294.0
20260729T183102_bf16_eager,bf16_eager,5,65,444.51895,444.60012,300.04934,60.00987,4013.604,5294.0
20260729T183102_bf16_eager,bf16_eager,5,66,448.36212,448.44418,299.47295,59.89459,4013.604,5294.0
20260729T183102_bf16_eager,bf16_eager,5,67,452.55951,452.64993,299.38595,59.87719,4013.604,5294.0
20260729T183102_bf16_eager,bf16_eager,5,68,443.30981,443.39204,299.30598,59.8612,4013.604,5294.0
20260729T183102_bf16_eager,bf16_eager,5,69,443.94232,444.03006,299.52323,59.90465,4013.604,5294.0
20260729T183102_bf16_eager,bf16_eager,5,70,450.8999,450.98569,299.42157,59.88431,4013.604,5294.0
20260729T183102_bf16_eager,bf16_eager,5,71,470.58389,470.66635,299.76464,59.95293,4013.604,5294.0
20260729T183102_bf16_eager,bf16_eager,5,72,442.91269,442.99281,299.38374,59.87675,4013.604,5294.0
20260729T183102_bf16_eager,bf16_eager,5,73,444.94522,445.02987,299.4063,59.88126,4013.604,5294.0
20260729T183102_bf16_eager,bf16_eager,5,74,504.50101,504.58668,300.53987,60.10797,4013.604,5294.0
20260729T183102_bf16_eager,bf16_eager,5,75,446.79074,446.87213,299.58553,59.91711,4013.604,5294.0
20260729T183102_bf16_eager,bf16_eager,5,76,444.23181,444.31297,299.54253,59.90851,4013.604,5294.0
20260729T183102_bf16_eager,bf16_eager,5,77,442.69003,442.7717,299.15757,59.83151,4013.604,5294.0
20260729T183102_bf16_eager,bf16_eager,5,78,469.84506,469.9261,299.59063,59.91813,4013.604,5294.0
20260729T183102_bf16_eager,bf16_eager,5,79,446.38214,446.46155,299.16771,59.83354,4013.604,5294.0
20260729T183102_bf16_eager,bf16_eager,5,80,444.01331,444.10856,299.313,59.8626,4013.604,5294.0
20260729T183102_bf16_eager,bf16_eager,5,81,446.901,446.98126,302.55098,60.5102,4013.604,5294.0
20260729T183102_bf16_eager,bf16_eager,5,82,448.82764,448.90914,302.50499,60.501,4013.604,5294.0
20260729T183102_bf16_eager,bf16_eager,5,83,448.4043,448.48739,303.59955,60.71991,4013.604,5294.0
20260729T183102_bf16_eager,bf16_eager,5,84,447.75995,447.8447,303.06205,60.61241,4013.604,5294.0
20260729T183102_bf16_eager,bf16_eager,5,85,446.59964,446.68105,300.16931,60.03386,4013.604,5294.0
20260729T183102_bf16_eager,bf16_eager,5,86,448.6348,448.71638,302.96483,60.59297,4013.604,5294.0
20260729T183102_bf16_eager,bf16_eager,5,87,451.07623,451.1599,303.63148,60.7263,4013.604,5294.0
20260729T183102_bf16_eager,bf16_eager,5,88,456.09439,456.18693,309.38317,61.87663,4013.604,5294.0
20260729T183102_bf16_eager,bf16_eager,5,89,453.40747,453.48976,307.33619,61.46724,4013.604,5294.0
20260729T183102_bf16_eager,bf16_eager,5,90,453.4649,453.55809,307.55926,61.51185,4013.604,5294.0
20260729T183102_bf16_eager,bf16_eager,5,91,453.74774,453.83265,304.06963,60.81393,4013.604,5294.0
20260729T183102_bf16_eager,bf16_eager,5,92,464.02963,464.11187,299.14727,59.82945,4013.604,5294.0
20260729T183102_bf16_eager,bf16_eager,5,93,452.06442,452.1458,304.34602,60.8692,4013.604,5294.0
20260729T183102_bf16_eager,bf16_eager,5,94,485.67538,485.75443,303.32723,60.66545,4013.604,5294.0
20260729T183102_bf16_eager,bf16_eager,5,95,444.23608,444.31674,300.076,60.0152,4013.604,5294.0
20260729T183102_bf16_eager,bf16_eager,5,96,458.52979,458.61029,310.46659,62.09332,4013.604,5294.0
20260729T183102_bf16_eager,bf16_eager,5,97,515.0202,515.10276,299.06848,59.8137,4013.604,5294.0
20260729T183102_bf16_eager,bf16_eager,5,98,444.34912,444.43782,299.99094,59.99819,4013.604,5294.0
20260729T183102_bf16_eager,bf16_eager,5,99,444.72119,444.80472,299.85273,59.97055,4013.604,5294.0
20260729T183102_bf16_eager,bf16_eager,5,100,474.61221,474.69424,300.07094,60.01419,4013.604,5294.0
20260729T183102_bf16_eager,bf16_eager,5,101,531.52228,531.60913,310.59581,62.11916,4013.604,5294.0
20260729T183102_bf16_eager,bf16_eager,5,102,446.06082,446.14831,299.57018,59.91404,4013.604,5294.0
20260729T183102_bf16_eager,bf16_eager,5,103,478.62854,478.71962,307.43348,61.4867,4013.604,5294.0
20260729T183102_bf16_eager,bf16_eager,5,104,446.26431,446.35909,302.55907,60.51181,4013.604,5294.0
20260729T183102_bf16_eager,bf16_eager,5,105,447.98544,448.0719,305.85447,61.17089,4013.604,5294.0
20260729T183102_bf16_eager,bf16_eager,5,106,464.37808,464.461,301.94067,60.38813,4013.604,5294.0
20260729T183102_bf16_eager,bf16_eager,5,107,522.87378,522.96211,310.16867,62.03373,4013.604,5294.0
20260729T183102_bf16_eager,bf16_eager,5,108,455.30359,455.40347,303.10096,60.62019,4013.604,5294.0
20260729T183102_bf16_eager,bf16_eager,5,109,454.49631,454.58299,302.64832,60.52966,4013.604,5294.0
20260729T183102_bf16_eager,bf16_eager,5,110,451.08109,451.16733,306.21587,61.24317,4013.604,5294.0
20260729T183102_bf16_eager,bf16_eager,5,111,447.86554,447.95132,302.46297,60.49259,4013.604,5294.0
20260729T183102_bf16_eager,bf16_eager,5,112,457.66318,457.74968,303.69577,60.73915,4013.604,5294.0
20260729T183102_bf16_eager,bf16_eager,5,113,450.82001,450.90681,302.81718,60.56344,4013.604,5294.0
20260729T183102_bf16_eager,bf16_eager,5,114,458.00134,458.08391,299.21888,59.84378,4013.604,5294.0
20260729T183102_bf16_eager,bf16_eager,5,115,448.14374,448.23002,300.41101,60.0822,4013.604,5294.0
20260729T183102_bf16_eager,bf16_eager,5,116,446.29144,446.37363,300.96281,60.19256,4013.604,5294.0
20260729T183102_bf16_eager,bf16_eager,5,117,445.30124,445.3877,300.35763,60.07153,4013.604,5294.0
20260729T183102_bf16_eager,bf16_eager,5,118,444.52713,444.61262,299.69946,59.93989,4013.604,5294.0
20260729T183102_bf16_eager,bf16_eager,5,119,445.79446,445.87658,299.91933,59.98387,4013.604,5294.0
20260729T183102_bf16_eager,bf16_eager,5,120,451.3623,451.44466,299.55687,59.91137,4013.604,5294.0
20260729T183102_bf16_eager,bf16_eager,5,121,444.63943,444.72499,300.46297,60.09259,4013.604,5294.0
20260729T183102_bf16_eager,bf16_eager,5,122,452.22849,452.31317,304.63696,60.92739,4013.604,5294.0
20260729T183102_bf16_eager,bf16_eager,5,123,455.35028,455.43876,302.32989,60.46598,4013.604,5294.0
20260729T183102_bf16_eager,bf16_eager,5,124,454.01767,454.10224,305.13664,61.02733,4013.604,5294.0
20260729T183102_bf16_eager,bf16_eager,5,125,475.02527,475.10635,298.77255,59.75451,4013.604,5294.0
20260729T183102_bf16_eager,bf16_eager,5,126,446.4563,446.53597,299.77616,59.95523,4013.604,5294.0
20260729T183102_bf16_eager,bf16_eager,5,127,443.51068,443.59056,299.65321,59.93064,4013.604,5294.0
20260729T183102_bf16_eager,bf16_eager,5,128,467.33612,467.41816,299.48838,59.89768,4013.604,5294.0
20260729T183102_bf16_eager,bf16_eager,5,129,518.43127,518.51377,298.90867,59.78173,4013.604,5294.0
20260729T183102_bf16_eager,bf16_eager,5,130,454.4845,454.57668,299.43715,59.88743,4013.604,5294.0
20260729T183102_bf16_eager,bf16_eager,5,131,447.43408,447.51224,300.45082,60.09016,4013.604,5294.0
20260729T183102_bf16_eager,bf16_eager,5,132,444.49881,444.57842,300.35766,60.07153,4013.604,5294.0
20260729T183102_bf16_eager,bf16_eager,5,133,455.18561,455.26917,299.44428,59.88886,4013.604,5294.0
20260729T183102_bf16_eager,bf16_eager,5,134,443.4321,443.50987,299.07565,59.81513,4013.604,5294.0
20260729T183102_bf16_eager,bf16_eager,5,135,446.74777,446.82707,299.08173,59.81635,4013.604,5294.0
20260729T183102_bf16_eager,bf16_eager,5,136,447.64044,447.72022,299.36323,59.87265,4013.604,5294.0
20260729T183102_bf16_eager,bf16_eager,5,137,444.37738,444.45917,300.20608,60.04122,4013.604,5294.0
20260729T183102_bf16_eager,bf16_eager,5,138,445.81665,445.90485,300.99565,60.19913,4013.604,5294.0
20260729T183102_bf16_eager,bf16_eager,5,139,443.65085,443.73346,299.39408,59.87882,4013.604,5294.0
20260729T183102_bf16_eager,bf16_eager,5,140,469.8316,469.91195,299.8119,59.96238,4013.604,5294.0
20260729T183102_bf16_eager,bf16_eager,5,141,443.05161,443.13147,299.2897,59.85794,4013.604,5294.0
20260729T183102_bf16_eager,bf16_eager,5,142,445.13382,445.21331,299.35114,59.87023,4013.604,5294.0
20260729T183102_bf16_eager,bf16_eager,5,143,443.32666,443.40657,299.35203,59.87041,4013.604,5294.0
20260729T183102_bf16_eager,bf16_eager,5,144,444.09177,444.17232,299.59094,59.91819,4013.604,5294.0
20260729T183102_bf16_eager,bf16_eager,5,145,450.8212,450.90155,299.1831,59.83662,4013.604,5294.0
20260729T183102_bf16_eager,bf16_eager,5,146,444.48727,444.56775,299.93165,59.98633,4013.604,5294.0
20260729T183102_bf16_eager,bf16_eager,5,147,444.84,444.92115,300.59929,60.11986,4013.604,5294.0
20260729T183102_bf16_eager,bf16_eager,5,148,457.46307,457.54081,312.7296,62.54592,4013.604,5294.0
20260729T183102_bf16_eager,bf16_eager,5,149,453.40042,453.48186,306.82317,61.36463,4013.604,5294.0
20260729T183102_bf16_eager,bf16_eager,5,150,549.37921,549.47156,327.67385,65.53477,4013.604,5294.0
20260729T183102_bf16_eager,bf16_eager,5,151,491.50516,491.59605,310.01385,62.00277,4013.604,5294.0
20260729T183102_bf16_eager,bf16_eager,5,152,473.44446,473.53937,311.23149,62.2463,4013.604,5294.0
20260729T183102_bf16_eager,bf16_eager,5,153,479.85245,479.93634,331.03555,66.20711,4013.604,5294.0
20260729T183102_bf16_eager,bf16_eager,5,154,529.0141,529.11536,310.09271,62.01854,4013.604,5294.0
20260729T183102_bf16_eager,bf16_eager,5,155,492.48642,492.57031,304.02858,60.80572,4013.604,5294.0
20260729T183102_bf16_eager,bf16_eager,5,156,452.67932,452.76058,301.89261,60.37852,4013.604,5294.0
20260729T183102_bf16_eager,bf16_eager,5,157,446.37427,446.46158,302.11277,60.42255,4013.604,5294.0
20260729T183102_bf16_eager,bf16_eager,5,158,449.98212,450.06487,302.35443,60.47089,4013.604,5294.0
20260729T183102_bf16_eager,bf16_eager,5,159,450.75946,450.84098,301.47584,60.29517,4013.604,5294.0
20260729T183102_bf16_eager,bf16_eager,5,160,476.93146,477.01724,300.46617,60.09323,4013.604,5294.0
20260729T183102_bf16_eager,bf16_eager,5,161,446.0592,446.1414,302.01859,60.40372,4013.604,5294.0
20260729T183102_bf16_eager,bf16_eager,5,162,448.31598,448.39704,298.90557,59.78111,4013.604,5294.0
20260729T183102_bf16_eager,bf16_eager,5,163,448.21405,448.29888,299.8231,59.96462,4013.604,5294.0
20260729T183102_bf16_eager,bf16_eager,5,164,455.9277,456.01167,307.25529,61.45106,4013.604,5294.0
20260729T183102_bf16_eager,bf16_eager,5,165,518.23871,518.31799,299.19229,59.83846,4013.604,5294.0
20260729T183102_bf16_eager,bf16_eager,5,166,465.00809,465.08764,298.93949,59.7879,4013.604,5294.0
20260729T183102_bf16_eager,bf16_eager,5,167,498.22052,498.30442,299.12576,59.82515,4013.604,5294.0
20260729T183102_bf16_eager,bf16_eager,5,168,447.05112,447.13635,299.0336,59.80672,4013.604,5294.0
20260729T183102_bf16_eager,bf16_eager,5,169,445.85123,445.9282,298.84304,59.76861,4013.604,5294.0
20260729T183102_bf16_eager,bf16_eager,5,170,444.37195,444.45202,299.34586,59.86917,4013.604,5294.0
20260729T183102_bf16_eager,bf16_eager,5,171,449.96588,450.04427,298.93952,59.7879,4013.604,5294.0
20260729T183102_bf16_eager,bf16_eager,5,172,462.15665,462.23418,298.97105,59.79421,4013.604,5294.0
20260729T183102_bf16_eager,bf16_eager,5,173,510.40378,510.4813,299.19843,59.83969,4013.604,5294.0
20260729T183102_bf16_eager,bf16_eager,5,174,443.03381,443.11487,299.27027,59.85405,4013.604,5294.0
20260729T183102_bf16_eager,bf16_eager,5,175,445.6991,445.78156,301.3919,60.27838,4013.604,5294.0
20260729T183102_bf16_eager,bf16_eager,5,176,451.78265,451.86572,305.37729,61.07546,4013.604,5294.0
20260729T183102_bf16_eager,bf16_eager,5,177,468.83136,468.91381,301.2272,60.24544,4013.604,5294.0
20260729T183102_bf16_eager,bf16_eager,5,178,443.38934,443.46767,299.37261,59.87452,4013.604,5294.0
20260729T183102_bf16_eager,bf16_eager,5,179,447.13925,447.21858,300.9577,60.19154,4013.604,5294.0
20260729T183102_bf16_eager,bf16_eager,5,180,448.42697,448.50727,299.34697,59.86939,4013.604,5294.0
20260729T183102_bf16_eager,bf16_eager,5,181,469.70642,469.78513,300.58294,60.11659,4013.604,5294.0
20260729T183102_bf16_eager,bf16_eager,5,182,443.55789,443.6471,299.32452,59.8649,4013.604,5294.0
20260729T183102_bf16_eager,bf16_eager,5,183,445.39871,445.4795,301.28537,60.25707,4013.604,5294.0
20260729T183102_bf16_eager,bf16_eager,5,184,458.49039,458.57367,303.94573,60.78915,4013.604,5294.0
20260729T183102_bf16_eager,bf16_eager,5,185,445.09683,445.17601,300.42931,60.08586,4013.604,5294.0
20260729T183102_bf16_eager,bf16_eager,5,186,505.39813,505.47656,300.91872,60.18374,4013.604,5294.0
20260729T183102_bf16_eager,bf16_eager,5,187,444.85754,444.93877,299.01504,59.80301,4013.604,5294.0
20260729T183102_bf16_eager,bf16_eager,5,188,448.24664,448.33199,299.59261,59.91852,4013.604,5294.0
20260729T183102_bf16_eager,bf16_eager,5,189,444.54297,444.62383,299.20457,59.84091,4013.604,5294.0
20260729T183102_bf16_eager,bf16_eager,5,190,518.78308,518.86508,299.56505,59.91301,4013.604,5294.0
20260729T183102_bf16_eager,bf16_eager,5,191,450.49402,450.57218,300.24506,60.04901,4013.604,5294.0
20260729T183102_bf16_eager,bf16_eager,5,192,443.23367,443.3134,299.25478,59.85096,4013.604,5294.0
20260729T183102_bf16_eager,bf16_eager,5,193,444.09555,444.18231,299.84566,59.96913,4013.604,5294.0
20260729T183102_bf16_eager,bf16_eager,5,194,450.81976,450.90155,306.40333,61.28067,4013.604,5294.0
20260729T183102_bf16_eager,bf16_eager,5,195,443.84286,443.92347,299.71062,59.94212,4013.604,5294.0
20260729T183102_bf16_eager,bf16_eager,5,196,452.02695,452.10787,305.53593,61.10719,4013.604,5294.0
20260729T183102_bf16_eager,bf16_eager,5,197,451.21591,451.30936,305.80429,61.16086,4013.604,5294.0
20260729T183102_bf16_eager,bf16_eager,5,198,446.38568,446.48437,299.30384,59.86077,4013.604,5294.0
20260729T183102_bf16_eager,bf16_eager,5,199,450.46085,450.54541,303.96724,60.79345,4013.604,5294.0
20260729T183102_bf16_eager,bf16_eager,5,200,541.5434,541.63249,312.66413,62.53283,4013.604,5294.0
20260729T183102_bf16_eager,bf16_eager,5,201,456.36932,456.45334,307.17043,61.43409,4013.604,5294.0
20260729T183102_bf16_eager,bf16_eager,5,202,463.15411,463.2386,303.77587,60.75517,4013.604,5294.0
20260729T183102_bf16_eager,bf16_eager,5,203,450.85477,450.9341,305.70695,61.14139,4013.604,5294.0
20260729T183102_bf16_eager,bf16_eager,5,204,449.87808,449.96232,301.17677,60.23535,4013.604,5294.0
20260729T183102_bf16_eager,bf16_eager,5,205,523.28064,523.36527,305.87811,61.17562,4013.604,5294.0
20260729T183102_bf16_eager,bf16_eager,5,206,452.41949,452.50257,302.71801,60.5436,4013.604,5294.0
20260729T183102_bf16_eager,bf16_eager,5,207,486.62173,486.70807,304.25088,60.85018,4013.604,5294.0
20260729T183102_bf16_eager,bf16_eager,5,208,461.93622,462.02075,308.01395,61.60279,4013.604,5294.0
20260729T183102_bf16_eager,bf16_eager,5,209,449.50781,449.59209,307.28909,61.45782,4013.604,5294.0
20260729T183102_bf16_eager,bf16_eager,5,210,446.70248,446.78464,304.23668,60.84734,4013.604,5294.0
20260729T183102_bf16_eager,bf16_eager,5,211,445.99759,446.07656,303.19514,60.63903,4013.604,5294.0
20260729T183102_bf16_eager,bf16_eager,5,212,449.41397,449.49651,305.796,61.1592,4013.604,5294.0
20260729T183102_bf16_eager,bf16_eager,5,213,453.22769,453.3126,310.09088,62.01818,4013.604,5294.0
20260729T183102_bf16_eager,bf16_eager,5,214,456.68338,456.76693,307.04631,61.40926,4013.604,5294.0
20260729T183102_bf16_eager,bf16_eager,5,215,449.54947,449.6418,306.7904,61.35808,4013.604,5294.0
20260729T183102_bf16_eager,bf16_eager,5,216,459.64679,459.73956,309.66477,61.93295,4013.604,5294.0
20260729T183102_bf16_eager,bf16_eager,5,217,455.46973,455.55599,304.83866,60.96773,4013.604,5294.0
20260729T183102_bf16_eager,bf16_eager,5,218,449.96558,450.04929,307.47433,61.49487,4013.604,5294.0
20260729T183102_bf16_eager,bf16_eager,5,219,452.80273,452.88542,308.11027,61.62205,4013.604,5294.0
20260729T183102_bf16_eager,bf16_eager,5,220,449.11163,449.19313,302.1024,60.42048,4013.604,5294.0
20260729T183102_bf16_eager,bf16_eager,5,221,467.39606,467.49154,317.02016,63.40403,4013.604,5294.0
20260729T183102_bf16_eager,bf16_eager,5,222,450.71518,450.80164,300.50909,60.10182,4013.604,5294.0
20260729T183102_bf16_eager,bf16_eager,5,223,449.46994,449.5503,300.24391,60.04878,4013.604,5294.0
20260729T183102_bf16_eager,bf16_eager,5,224,455.55676,455.66176,311.74144,62.34829,4013.604,5294.0
20260729T183102_bf16_eager,bf16_eager,5,225,446.43304,446.51743,303.9375,60.7875,4013.604,5294.0
20260729T183102_bf16_eager,bf16_eager,5,226,449.67361,449.75701,306.66013,61.33203,4013.604,5294.0
20260729T183102_bf16_eager,bf16_eager,5,227,447.00162,447.08613,304.97168,60.99434,4013.604,5294.0
20260729T183102_bf16_eager,bf16_eager,5,228,525.79041,525.88564,305.21347,61.04269,4013.604,5294.0
20260729T183102_bf16_eager,bf16_eager,5,229,464.4234,464.50701,301.59575,60.31915,4013.604,5294.0
20260729T183102_bf16_eager,bf16_eager,5,230,444.70197,444.78364,299.96237,59.99247,4013.604,5294.0
20260729T183102_bf16_eager,bf16_eager,5,231,443.57236,443.65209,299.72701,59.9454,4013.604,5294.0
20260729T183102_bf16_eager,bf16_eager,5,232,460.68634,460.76633,298.91578,59.78316,4013.604,5294.0
20260729T183102_bf16_eager,bf16_eager,5,233,445.74359,445.82462,301.9785,60.3957,4013.604,5294.0
20260729T183102_bf16_eager,bf16_eager,5,234,453.98196,454.06717,306.479,61.2958,4013.604,5294.0
20260729T183102_bf16_eager,bf16_eager,5,235,451.31467,451.39643,304.39325,60.87865,4013.604,5294.0
20260729T183102_bf16_eager,bf16_eager,5,236,513.06763,513.14962,299.56717,59.91343,4013.604,5294.0
20260729T183102_bf16_eager,bf16_eager,5,237,456.56314,456.64625,311.5848,62.31696,4013.604,5294.0
20260729T183102_bf16_eager,bf16_eager,5,238,456.93961,457.0244,305.27882,61.05576,4013.604,5294.0
20260729T183102_bf16_eager,bf16_eager,5,239,445.63232,445.72003,300.97303,60.19461,4013.604,5294.0
20260729T183102_bf16_eager,bf16_eager,5,240,445.20963,445.2913,301.7216,60.34432,4013.604,5294.0
20260729T183102_bf16_eager,bf16_eager,5,241,504.59296,504.67314,299.20461,59.84092,4013.604,5294.0
20260729T183102_bf16_eager,bf16_eager,5,242,442.69604,442.77485,299.16451,59.8329,4013.604,5294.0
20260729T183102_bf16_eager,bf16_eager,5,243,502.94852,503.03271,303.12637,60.62527,4013.604,5294.0
20260729T183102_bf16_eager,bf16_eager,5,244,523.35223,523.43928,314.81562,62.96312,4013.604,5294.0
20260729T183102_bf16_eager,bf16_eager,5,245,457.74246,457.82815,299.948,59.9896,4013.604,5294.0
20260729T183102_bf16_eager,bf16_eager,5,246,443.4949,443.57339,298.82771,59.76554,4013.604,5294.0
20260729T183102_bf16_eager,bf16_eager,5,247,510.50571,510.58716,301.23629,60.24726,4013.604,5294.0
20260729T183102_bf16_eager,bf16_eager,5,248,443.19907,443.28363,299.48714,59.89743,4013.604,5294.0
20260729T183102_bf16_eager,bf16_eager,5,249,442.97754,443.05927,298.73347,59.74669,4013.604,5294.0
20260729T183102_bf16_eager,bf16_eager,5,250,442.49863,442.58214,298.71821,59.74364,4013.604,5294.0
20260729T183102_bf16_eager,bf16_eager,5,251,444.92697,445.01166,300.39949,60.0799,4013.604,5294.0
20260729T183102_bf16_eager,bf16_eager,5,252,454.25903,454.35158,306.52006,61.30401,4013.604,5294.0
20260729T183102_bf16_eager,bf16_eager,5,253,510.45056,510.5344,301.88039,60.37608,4013.604,5294.0
20260729T183102_bf16_eager,bf16_eager,5,254,446.74173,446.82422,301.70813,60.34163,4013.604,5294.0
20260729T183102_bf16_eager,bf16_eager,5,255,445.7901,445.8738,301.67962,60.33592,4013.604,5294.0
20260729T183102_bf16_eager,bf16_eager,5,256,448.66321,448.74652,303.65184,60.73037,4013.604,5294.0
20260729T183102_bf16_eager,bf16_eager,5,257,464.46317,464.55288,306.13798,61.2276,4013.604,5294.0
20260729T183102_bf16_eager,bf16_eager,5,258,465.78711,465.91177,305.32605,61.06521,4013.604,5294.0
20260729T183102_bf16_eager,bf16_eager,5,259,446.17172,446.25603,300.48656,60.09731,4013.604,5294.0
20260729T183102_bf16_eager,bf16_eager,5,260,444.36069,444.44525,299.48733,59.89747,4013.604,5294.0
20260729T183102_bf16_eager,bf16_eager,5,261,448.91934,449.00605,303.74599,60.7492,4013.604,5294.0
20260729T183102_bf16_eager,bf16_eager,5,262,450.68057,450.76391,304.88269,60.97654,4013.604,5294.0
20260729T183102_bf16_eager,bf16_eager,5,263,445.1788,445.2702,299.85805,59.97161,4013.604,5294.0
20260729T183102_bf16_eager,bf16_eager,5,264,454.15668,454.24389,307.98439,61.59688,4013.604,5294.0
20260729T183102_bf16_eager,bf16_eager,5,265,455.55695,455.6361,299.02125,59.80425,4013.604,5294.0
20260729T183102_bf16_eager,bf16_eager,5,266,448.20261,448.28687,301.38365,60.27673,4013.604,5294.0
20260729T183102_bf16_eager,bf16_eager,5,267,443.01849,443.09573,299.04705,59.80941,4013.604,5294.0
20260729T183102_bf16_eager,bf16_eager,5,268,443.49628,443.57445,299.40531,59.88106,4013.604,5294.0
20260729T183102_bf16_eager,bf16_eager,5,269,445.31906,445.39772,299.72582,59.94516,4013.604,5294.0
20260729T183102_bf16_eager,bf16_eager,5,270,443.48575,443.56312,299.42682,59.88536,4013.604,5294.0
20260729T183102_bf16_eager,bf16_eager,5,271,464.67239,464.75468,299.94694,59.98939,4013.604,5294.0
20260729T183102_bf16_eager,bf16_eager,5,272,495.70233,495.78232,299.33049,59.8661,4013.604,5294.0
20260729T183102_bf16_eager,bf16_eager,5,273,482.35626,482.43647,299.15651,59.8313,4013.604,5294.0
20260729T183102_bf16_eager,bf16_eager,5,274,462.02719,462.25661,303.4585,60.6917,4013.604,5294.0
20260729T183102_bf16_eager,bf16_eager,5,275,448.98889,449.07531,298.89946,59.77989,4013.604,5294.0
20260729T183102_bf16_eager,bf16_eager,5,276,513.76068,513.83986,298.70282,59.74056,4013.604,5294.0
20260729T183102_bf16_eager,bf16_eager,5,277,442.59265,442.67191,298.91165,59.78233,4013.604,5294.0
20260729T183102_bf16_eager,bf16_eager,5,278,443.71506,443.79289,299.19337,59.83867,4013.604,5294.0
20260729T183102_bf16_eager,bf16_eager,5,279,443.04678,443.1267,299.28643,59.85729,4013.604,5294.0
20260729T183102_bf16_eager,bf16_eager,5,280,443.69684,443.77419,299.15757,59.83151,4013.604,5294.0
20260729T183102_bf16_eager,bf16_eager,5,281,442.79504,442.8736,298.82992,59.76598,4013.604,5294.0
20260729T183102_bf16_eager,bf16_eager,5,282,446.55658,446.64263,299.42375,59.88475,4013.604,5294.0
20260729T183102_bf16_eager,bf16_eager,5,283,444.18283,444.26011,299.0048,59.80096,4013.604,5294.0
20260729T183102_bf16_eager,bf16_eager,5,284,442.95953,443.04431,299.14317,59.82863,4013.604,5294.0
20260729T183102_bf16_eager,bf16_eager,5,285,442.69537,442.77501,298.65882,59.73176,4013.604,5294.0
20260729T183102_bf16_eager,bf16_eager,5,286,445.81912,445.89855,299.59472,59.91894,4013.604,5294.0
20260729T183102_bf16_eager,bf16_eager,5,287,445.97665,446.06727,299.68589,59.93718,4013.604,5294.0
20260729T183102_bf16_eager,bf16_eager,5,288,444.97845,445.05547,298.89946,59.77989,4013.604,5294.0
20260729T183102_bf16_eager,bf16_eager,5,289,443.83328,443.9094,298.80221,59.76044,4013.604,5294.0
20260729T183102_bf16_eager,bf16_eager,5,290,443.60403,443.69057,299.58652,59.9173,4013.604,5294.0
20260729T183102_bf16_eager,bf16_eager,5,291,443.96094,444.0466,299.46573,59.89315,4013.604,5294.0
20260729T183102_bf16_eager,bf16_eager,5,292,442.81631,442.89596,299.29677,59.85935,4013.604,5294.0
20260729T183102_bf16_eager,bf16_eager,5,293,447.78128,447.85915,298.64762,59.72952,4013.604,5294.0
20260729T183102_bf16_eager,bf16_eager,5,294,444.4874,444.56514,299.50963,59.90193,4013.604,5294.0
20260729T183102_bf16_eager,bf16_eager,5,295,444.13162,444.21386,299.75245,59.95049,4013.604,5294.0
20260729T183102_bf16_eager,bf16_eager,5,296,443.17673,443.25562,299.31101,59.8622,4013.604,5294.0
20260729T183102_bf16_eager,bf16_eager,5,297,443.03079,443.12258,299.11651,59.8233,4013.604,5294.0
20260729T183102_bf16_eager,bf16_eager,5,298,443.89005,443.97213,299.85178,59.97036,4013.604,5294.0
20260729T183102_bf16_eager,bf16_eager,5,299,447.39771,447.47588,299.48637,59.89727,4013.604,5294.0
