run_id,quant_mode,iteration,policy_cuda_ms,policy_wall_ms,step_1_ms,step_2_ms,step_3_ms,step_4_ms,step_5_ms,gpu_allocated_mb,gpu_reserved_mb
20260729T180713_bf16_aeda42,bf16,0,466.35663,466.39708,60.62899,61.63142,60.12723,59.33978,61.5392,4013.604,5294.0
20260729T180713_bf16_aeda42,bf16,1,468.35419,468.39145,60.36275,59.38995,59.48723,59.50566,59.41351,4013.604,5294.0
20260729T180713_bf16_aeda42,bf16,2,452.8728,452.91266,61.39802,62.3657,59.82611,59.3367,60.75801,4013.604,5294.0
20260729T180713_bf16_aeda42,bf16,3,459.01538,459.05415,60.9495,65.07008,60.46208,59.45856,59.42672,4013.604,5294.0
20260729T180713_bf16_aeda42,bf16,4,443.50961,443.54884,60.56144,59.36026,59.34583,59.34592,59.65926,4013.604,5294.0
20260729T180713_bf16_aeda42,bf16,5,450.16745,450.20768,60.80103,59.5497,59.55584,59.40941,59.56506,4013.604,5294.0
20260729T180713_bf16_aeda42,bf16,6,449.13895,449.17674,60.33101,59.92038,59.3152,59.62755,59.34899,4013.604,5294.0
20260729T180713_bf16_aeda42,bf16,7,444.73993,444.77959,60.49587,59.54048,59.32237,59.56096,59.72685,4013.604,5294.0
20260729T180713_bf16_aeda42,bf16,8,502.67188,502.70753,60.6935,59.55482,59.36752,59.30189,59.31226,4013.604,5294.0
20260729T180713_bf16_aeda42,bf16,9,449.22684,449.26517,60.20813,59.39405,59.34599,59.55789,59.26502,4013.604,5294.0
20260729T180713_bf16_aeda42,bf16,10,518.17633,518.21161,60.35661,59.35002,59.32544,59.53536,59.33773,4013.604,5294.0
20260729T180713_bf16_aeda42,bf16,11,491.78217,491.81655,60.43238,59.78307,59.62045,59.45344,59.48006,4013.604,5294.0
20260729T180713_bf16_aeda42,bf16,12,467.93121,467.96911,60.48051,59.52205,59.37152,59.33773,59.35309,4013.604,5294.0
20260729T180713_bf16_aeda42,bf16,13,460.63586,460.67285,60.62387,59.38688,59.58963,59.36026,59.32544,4013.604,5294.0
20260729T180713_bf16_aeda42,bf16,14,449.59436,449.63343,61.12358,59.41875,59.35104,59.39405,59.54355,4013.604,5294.0
20260729T180713_bf16_aeda42,bf16,15,445.21597,445.25433,60.59213,59.35514,59.62854,59.29267,59.43398,4013.604,5294.0
20260729T180713_bf16_aeda42,bf16,16,468.65256,468.69006,60.3576,59.63878,59.55888,59.37869,59.38586,4013.604,5294.0
20260729T180713_bf16_aeda42,bf16,17,443.65863,443.6951,60.49075,59.61114,59.41351,59.55891,59.31622,4013.604,5294.0
20260729T180713_bf16_aeda42,bf16,18,540.32703,540.36211,89.1095,89.55801,89.94714,60.46928,59.4217,4013.604,5294.0
20260729T180713_bf16_aeda42,bf16,19,446.29181,446.33225,60.37299,59.47802,59.35309,60.70272,59.54048,4013.604,5294.0
20260729T180713_bf16_aeda42,bf16,20,451.79962,451.83949,60.56243,59.39917,59.31213,59.75654,59.38176,4013.604,5294.0
20260729T180713_bf16_aeda42,bf16,21,472.67892,472.71681,60.3689,59.59683,59.37766,59.34899,59.32134,4013.604,5294.0
20260729T180713_bf16_aeda42,bf16,22,514.039,514.07569,60.64537,59.48944,59.45242,59.54457,59.34694,4013.604,5294.0
20260729T180713_bf16_aeda42,bf16,23,443.25949,443.29735,60.60128,59.53632,59.33984,59.4432,59.31424,4013.604,5294.0
20260729T180713_bf16_aeda42,bf16,24,505.81079,505.84624,60.32989,59.72378,59.33466,59.53127,59.33773,4013.604,5294.0
20260729T180713_bf16_aeda42,bf16,25,444.10846,444.15275,60.22042,59.47389,59.3623,59.44115,59.30598,4013.604,5294.0
20260729T180713_bf16_aeda42,bf16,26,443.52365,443.56095,60.77658,59.52102,59.54346,59.33875,59.42682,4013.604,5294.0
20260729T180713_bf16_aeda42,bf16,27,445.57779,445.6176,60.98022,59.68093,59.66746,59.39405,59.44627,4013.604,5294.0
20260729T180713_bf16_aeda42,bf16,28,447.27933,447.31768,60.86963,59.56199,59.44013,59.35719,59.56608,4013.604,5294.0
20260729T180713_bf16_aeda42,bf16,29,444.01508,444.05361,61.18707,59.39712,59.65005,59.35514,59.52918,4013.604,5294.0
20260729T180713_bf16_aeda42,bf16,30,598.32916,598.36124,98.88768,80.21184,60.0279,59.43193,59.53843,4013.604,5294.0
20260729T180713_bf16_aeda42,bf16,31,525.96082,525.99733,60.24499,60.59315,59.40234,59.69203,59.64595,4013.604,5294.0
20260729T180713_bf16_aeda42,bf16,32,520.9549,520.99305,61.00685,59.47894,59.73914,59.65309,59.38893,4013.604,5294.0
20260729T180713_bf16_aeda42,bf16,33,493.67361,493.71548,60.58701,59.61933,62.16192,60.90445,61.41031,4013.604,5294.0
20260729T180713_bf16_aeda42,bf16,34,543.41522,543.45702,62.85005,61.3776,61.48301,60.02279,59.58656,4013.604,5294.0
20260729T180713_bf16_aeda42,bf16,35,530.36035,530.40374,61.39802,59.6265,59.68282,59.6777,59.87943,4013.604,5294.0
20260729T180713_bf16_aeda42,bf16,36,527.07013,527.11268,60.78054,60.07395,60.03917,60.94643,59.76986,4013.604,5294.0
20260729T180713_bf16_aeda42,bf16,37,460.39606,460.43447,62.86541,61.40314,59.60294,59.61728,59.46265,4013.604,5294.0
20260729T180713_bf16_aeda42,bf16,38,549.70917,549.76876,65.62714,65.17859,71.34413,61.08877,63.14189,4013.604,5294.0
20260729T180713_bf16_aeda42,bf16,39,524.52716,524.57768,68.23219,69.81223,70.44505,65.7009,61.02835,4013.604,5294.0
20260729T180713_bf16_aeda42,bf16,40,453.7782,453.8226,61.316,60.34637,59.48006,61.70726,59.83334,4013.604,5294.0
20260729T180713_bf16_aeda42,bf16,41,448.58032,448.62683,61.52909,59.45344,59.83232,59.7033,59.63366,4013.604,5294.0
20260729T180713_bf16_aeda42,bf16,42,537.96948,538.01455,62.28077,61.06726,63.20745,60.04118,60.66893,4013.604,5294.0
20260729T180713_bf16_aeda42,bf16,43,464.90332,464.9455,61.84448,60.21939,60.95155,61.24755,60.89011,4013.604,5294.0
20260729T180713_bf16_aeda42,bf16,44,457.83987,457.88065,61.27709,62.94118,61.52208,63.00058,61.24544,4013.604,5294.0
20260729T180713_bf16_aeda42,bf16,45,450.28503,450.3243,60.83686,59.91731,62.44557,60.32384,59.60601,4013.604,5294.0
20260729T180713_bf16_aeda42,bf16,46,461.28992,461.32959,60.7191,59.79341,59.42579,59.46058,59.71968,4013.604,5294.0
20260729T180713_bf16_aeda42,bf16,47,498.56152,498.59854,61.12358,61.05715,59.76986,59.71875,59.41248,4013.604,5294.0
20260729T180713_bf16_aeda42,bf16,48,522.48511,522.5209,60.19379,59.59594,59.40736,59.4473,59.82106,4013.604,5294.0
20260729T180713_bf16_aeda42,bf16,49,541.75916,541.79659,63.19821,63.3047,62.95347,60.7016,63.2873,4013.604,5294.0
20260729T180713_bf16_aeda42,bf16,50,573.16083,573.20093,63.0057,60.18355,61.63866,60.3433,59.83744,4013.604,5294.0
20260729T180713_bf16_aeda42,bf16,51,535.15131,535.18942,61.23933,63.56275,61.38061,60.09446,64.09933,4013.604,5294.0
20260729T180713_bf16_aeda42,bf16,52,467.91861,467.96071,62.18957,61.83731,62.34822,60.04839,63.18182,4013.604,5294.0
20260729T180713_bf16_aeda42,bf16,53,527.46783,527.50859,65.08646,61.42874,66.31526,60.58803,60.6167,4013.604,5294.0
20260729T180713_bf16_aeda42,bf16,54,530.08459,530.12623,62.27047,61.66528,62.19981,60.24909,60.34944,4013.604,5294.0
20260729T180713_bf16_aeda42,bf16,55,539.6405,539.6793,62.48346,64.01536,61.5465,61.35706,60.01357,4013.604,5294.0
20260729T180713_bf16_aeda42,bf16,56,563.81244,563.84964,61.61613,59.9767,59.48314,59.47904,59.84154,4013.604,5294.0
20260729T180713_bf16_aeda42,bf16,57,528.41467,528.45083,60.66893,59.50669,59.60704,59.44832,59.68998,4013.604,5294.0
20260729T180713_bf16_aeda42,bf16,58,528.57666,528.61496,61.17683,65.48787,63.48698,59.58867,59.60192,4013.604,5294.0
20260729T180713_bf16_aeda42,bf16,59,527.0155,527.05709,60.87168,59.97056,62.62682,60.51533,60.99965,4013.604,5294.0
20260729T180713_bf16_aeda42,bf16,60,477.19788,477.2421,64.22426,62.23667,60.05754,61.11232,63.08455,4013.604,5294.0
20260729T180713_bf16_aeda42,bf16,61,519.07727,519.11854,60.89421,59.93882,60.57683,59.67258,59.91619,4013.604,5294.0
20260729T180713_bf16_aeda42,bf16,62,476.50674,476.55044,61.00071,59.88147,59.5241,59.78928,59.47689,4013.604,5294.0
20260729T180713_bf16_aeda42,bf16,63,450.72021,450.76127,61.15942,60.09856,59.75859,60.09651,60.7785,4013.604,5294.0
20260729T180713_bf16_aeda42,bf16,64,490.52719,490.56527,60.42633,63.30778,59.44218,60.35565,60.83779,4013.604,5294.0
20260729T180713_bf16_aeda42,bf16,65,444.32388,444.36396,60.75082,59.5241,59.47085,59.39814,59.46573,4013.604,5294.0
20260729T180713_bf16_aeda42,bf16,66,448.7829,448.82208,60.34125,62.03494,60.15693,59.98586,60.91981,4013.604,5294.0
20260729T180713_bf16_aeda42,bf16,67,470.17511,470.21318,60.63417,59.46061,59.54253,59.43706,59.4217,4013.604,5294.0
20260729T180713_bf16_aeda42,bf16,68,459.77863,459.81749,60.40371,59.62854,62.80909,60.10471,59.46061,4013.604,5294.0
20260729T180713_bf16_aeda42,bf16,69,448.75864,448.8009,60.79705,59.80058,59.92026,59.77702,59.5241,4013.604,5294.0
20260729T180713_bf16_aeda42,bf16,70,507.23331,507.27831,60.79181,59.68077,59.63878,62.14451,59.66336,4013.604,5294.0
20260729T180713_bf16_aeda42,bf16,71,447.05069,447.08944,60.40985,59.51693,59.47802,60.37811,59.47395,4013.604,5294.0
20260729T180713_bf16_aeda42,bf16,72,471.96094,472.00083,60.58291,59.72787,61.70726,60.40474,61.17171,4013.604,5294.0
20260729T180713_bf16_aeda42,bf16,73,446.3454,446.38362,60.57063,59.81482,59.70432,59.4729,59.66336,4013.604,5294.0
20260729T180713_bf16_aeda42,bf16,74,459.63779,459.68243,70.97139,60.48256,59.51078,60.30742,59.50976,4013.604,5294.0
20260729T180713_bf16_aeda42,bf16,75,457.64258,457.68401,60.67712,62.96679,60.52557,59.82208,61.60896,4013.604,5294.0
20260729T180713_bf16_aeda42,bf16,76,450.22433,450.26474,60.33101,61.52909,60.70985,59.78112,61.42361,4013.604,5294.0
20260729T180713_bf16_aeda42,bf16,77,452.27747,452.31711,60.6976,60.68122,59.80877,62.23565,59.7248,4013.604,5294.0
20260729T180713_bf16_aeda42,bf16,78,448.35437,448.39894,60.4201,59.86314,59.58246,59.56506,59.62342,4013.604,5294.0
20260729T180713_bf16_aeda42,bf16,79,448.88428,448.92216,63.78813,59.4944,59.776,59.55584,59.77088,4013.604,5294.0
20260729T180713_bf16_aeda42,bf16,80,446.61642,446.65744,60.9833,59.59885,61.48506,59.43501,59.80573,4013.604,5294.0
20260729T180713_bf16_aeda42,bf16,81,478.09094,478.13434,63.62829,60.2368,59.54048,64.768,59.65517,4013.604,5294.0
20260729T180713_bf16_aeda42,bf16,82,457.20691,457.25065,60.68521,62.24589,59.68998,59.67155,62.8265,4013.604,5294.0
20260729T180713_bf16_aeda42,bf16,83,528.27496,528.43709,64.768,60.48359,59.90707,61.04064,60.04224,4013.604,5294.0
20260729T180713_bf16_aeda42,bf16,84,505.29477,505.3307,60.22861,60.60544,59.63571,68.18713,59.88454,4013.604,5294.0
20260729T180713_bf16_aeda42,bf16,85,463.89563,464.09351,61.30688,62.14246,61.25261,70.40922,60.08115,4013.604,5294.0
20260729T180713_bf16_aeda42,bf16,86,472.5459,472.58921,60.71184,59.60294,59.94073,75.0592,66.12582,4013.604,5294.0
20260729T180713_bf16_aeda42,bf16,87,452.16193,452.20181,60.55014,59.62547,59.93882,60.52864,59.96749,4013.604,5294.0
20260729T180713_bf16_aeda42,bf16,88,454.60739,454.64763,60.1559,62.22131,59.93575,60.1303,61.74208,4013.604,5294.0
20260729T180713_bf16_aeda42,bf16,89,448.72897,448.76833,60.25933,60.04736,60.83891,59.94803,60.43648,4013.604,5294.0
20260729T180713_bf16_aeda42,bf16,90,518.18323,518.22102,60.37094,59.64698,59.44739,59.76986,59.51488,4013.604,5294.0
20260729T180713_bf16_aeda42,bf16,91,461.39716,461.4356,67.77242,60.5216,59.64493,59.98592,59.70941,4013.604,5294.0
20260729T180713_bf16_aeda42,bf16,92,465.71393,465.75466,62.45786,59.88557,59.52922,61.85165,59.80774,4013.604,5294.0
20260729T180713_bf16_aeda42,bf16,93,457.95203,457.99226,61.22086,61.08775,65.67117,59.66848,61.91718,4013.604,5294.0
20260729T180713_bf16_aeda42,bf16,94,447.83032,447.87127,60.74778,59.97568,61.03757,59.82618,60.63821,4013.604,5294.0
20260729T180713_bf16_aeda42,bf16,95,472.7438,472.78064,62.17113,60.16,61.30483,60.38835,59.6224,4013.604,5294.0
20260729T180713_bf16_aeda42,bf16,96,458.14209,458.18136,62.09757,64.37881,59.69715,59.68691,59.74118,4013.604,5294.0
20260729T180713_bf16_aeda42,bf16,97,545.57001,545.62569,61.63251,59.55994,61.69498,61.85574,59.51078,4013.604,5294.0
20260729T180713_bf16_aeda42,bf16,98,472.76324,472.81589,61.26899,60.01254,62.68733,59.88864,59.5345,4013.604,5294.0
20260729T180713_bf16_aeda42,bf16,99,456.72791,456.77881,60.43546,59.92243,63.232,59.64391,59.65011,4013.604,5294.0
20260729T180713_bf16_aeda42,bf16,100,507.61606,507.68004,62.88691,62.03802,60.84608,61.17376,63.47571,4013.604,5294.0
20260729T180713_bf16_aeda42,bf16,101,490.19812,490.2545,65.7449,60.02074,59.61114,59.50157,59.80976,4013.604,5294.0
20260729T180713_bf16_aeda42,bf16,102,507.68124,507.73336,62.12915,60.88909,59.96442,59.90298,59.55482,4013.604,5294.0
20260729T180713_bf16_aeda42,bf16,103,449.12128,449.17484,62.92275,60.3392,61.63354,59.49744,59.63674,4013.604,5294.0
20260729T180713_bf16_aeda42,bf16,104,503.71564,503.77065,62.65651,60.19687,59.74118,61.85881,59.66029,4013.604,5294.0
20260729T180713_bf16_aeda42,bf16,105,478.60049,478.65744,67.22048,64.79155,64.64614,68.08371,63.92422,4013.604,5294.0
20260729T180713_bf16_aeda42,bf16,106,568.07751,568.12879,61.99603,61.79328,62.40154,61.72666,61.26899,4013.604,5294.0
20260729T180713_bf16_aeda42,bf16,107,466.57498,466.62743,66.49446,60.69146,61.21881,62.8777,62.74458,4013.604,5294.0
20260729T180713_bf16_aeda42,bf16,108,480.258,480.31645,63.4112,71.50592,61.82307,62.49779,68.47897,4013.604,5294.0
20260729T180713_bf16_aeda42,bf16,109,483.00687,483.09824,67.0464,66.08282,64.58982,68.15948,66.02444,4013.604,5294.0
20260729T180713_bf16_aeda42,bf16,110,478.67206,478.99014,63.14087,65.23801,61.50045,62.60736,72.74599,4013.604,5294.0
20260729T180713_bf16_aeda42,bf16,111,515.0271,515.08903,64.72499,59.58861,59.6777,60.45901,59.6951,4013.604,5294.0
20260729T180713_bf16_aeda42,bf16,112,482.78589,482.84665,62.34736,61.70118,59.9767,60.85018,60.42829,4013.604,5294.0
20260729T180713_bf16_aeda42,bf16,113,457.35327,457.41001,63.98055,63.77267,61.48813,59.73513,60.41702,4013.604,5294.0
20260729T180713_bf16_aeda42,bf16,114,455.47177,455.53865,63.75834,61.94176,61.93664,60.35456,59.78624,4013.604,5294.0
20260729T180713_bf16_aeda42,bf16,115,455.22748,455.28906,63.55558,60.30346,59.99514,59.87431,63.25658,4013.604,5294.0
20260729T180713_bf16_aeda42,bf16,116,484.43054,484.48852,67.79802,62.1097,64.19661,59.648,59.88966,4013.604,5294.0
20260729T180713_bf16_aeda42,bf16,117,461.93164,461.98392,64.83773,59.72995,59.83536,61.64998,62.70883,4013.604,5294.0
20260729T180713_bf16_aeda42,bf16,118,479.04279,479.09621,65.45613,62.96064,62.00217,68.60701,66.27431,4013.604,5294.0
20260729T180713_bf16_aeda42,bf16,119,467.1658,467.22229,62.03597,62.21824,62.09229,61.99706,63.6416,4013.604,5294.0
20260729T180713_bf16_aeda42,bf16,120,478.98264,479.03833,65.34966,65.79814,63.93549,67.78573,62.35853,4013.604,5294.0
20260729T180713_bf16_aeda42,bf16,121,470.75031,470.80562,67.80006,62.60736,65.62202,63.25351,59.77088,4013.604,5294.0
20260729T180713_bf16_aeda42,bf16,122,504.68198,504.73139,61.72467,60.4887,59.52205,61.43888,59.92448,4013.604,5294.0
20260729T180713_bf16_aeda42,bf16,123,481.43823,481.49678,64.21197,62.76915,66.95731,65.83398,68.75449,4013.604,5294.0
20260729T180713_bf16_aeda42,bf16,124,463.97949,464.03394,62.95962,61.17479,62.15072,61.91821,62.27251,4013.604,5294.0
20260729T180713_bf16_aeda42,bf16,125,457.51224,457.5542,62.51312,60.77952,61.83322,62.22131,60.80307,4013.604,5294.0
20260729T180713_bf16_aeda42,bf16,126,453.82385,453.86798,63.35904,61.11744,59.80365,59.71968,60.00128,4013.604,5294.0
20260729T180713_bf16_aeda42,bf16,127,457.66217,457.70269,61.67142,60.09241,64.73018,62.90739,60.5952,4013.604,5294.0
20260729T180713_bf16_aeda42,bf16,128,451.49194,451.53048,60.56038,60.39142,59.70637,60.02586,63.83821,4013.604,5294.0
20260729T180713_bf16_aeda42,bf16,129,453.7598,453.79929,62.3145,60.6249,61.3888,60.32998,62.83264,4013.604,5294.0
20260729T180713_bf16_aeda42,bf16,130,454.57355,454.6143,63.27501,60.77542,59.85485,59.85792,59.8825,4013.604,5294.0
20260729T180713_bf16_aeda42,bf16,131,461.54019,461.57981,62.74867,61.41542,62.48346,62.87975,62.33194,4013.604,5294.0
20260729T180713_bf16_aeda42,bf16,132,459.49136,459.53234,61.04781,61.11242,60.49587,65.06806,62.21507,4013.604,5294.0
20260729T180713_bf16_aeda42,bf16,133,458.19012,458.23025,60.68643,60.2112,61.80454,67.95882,59.64486,4013.604,5294.0
20260729T180713_bf16_aeda42,bf16,134,456.58496,456.62664,63.51667,60.15078,59.71143,62.85613,63.62419,4013.604,5294.0
20260729T180713_bf16_aeda42,bf16,135,456.77917,456.82407,60.72218,61.51885,60.53888,60.17741,63.48698,4013.604,5294.0
20260729T180713_bf16_aeda42,bf16,136,463.354,463.39331,65.97734,62.53363,62.45581,62.55001,62.69341,4013.604,5294.0
20260729T180713_bf16_aeda42,bf16,137,455.5759,455.61546,62.9576,61.68473,60.35353,59.59072,63.28832,4013.604,5294.0
20260729T180713_bf16_aeda42,bf16,138,450.44745,450.48572,60.92083,59.89795,62.64525,60.15181,60.27264,4013.604,5294.0
20260729T180713_bf16_aeda42,bf16,139,450.76678,450.80557,60.88602,62.42304,59.9287,59.66746,61.87814,4013.604,5294.0
20260729T180713_bf16_aeda42,bf16,140,522.69934,522.73791,61.34374,59.64688,59.87731,60.14042,61.50042,4013.604,5294.0
20260729T180713_bf16_aeda42,bf16,141,454.8056,454.84359,61.43693,62.19674,59.83027,60.5737,61.36934,4013.604,5294.0
20260729T180713_bf16_aeda42,bf16,142,450.2616,450.30181,60.79888,61.12666,59.76986,60.13235,60.56755,4013.604,5294.0
20260729T180713_bf16_aeda42,bf16,143,450.81055,450.8477,60.7785,62.37795,59.91014,59.8056,61.53933,4013.604,5294.0
20260729T180713_bf16_aeda42,bf16,144,447.75146,447.78829,60.36275,60.42624,61.25466,60.40576,59.59885,4013.604,5294.0
20260729T180713_bf16_aeda42,bf16,145,450.29172,450.32993,62.11994,60.13543,60.23472,61.64173,59.89786,4013.604,5294.0
20260729T180713_bf16_aeda42,bf16,146,456.16385,456.22429,60.63923,63.86586,60.41907,59.99725,62.4087,4013.604,5294.0
20260729T180713_bf16_aeda42,bf16,147,449.56955,449.60805,60.45491,60.1129,61.51885,59.8825,60.17024,4013.604,5294.0
20260729T180713_bf16_aeda42,bf16,148,553.19116,553.25961,60.37299,59.68282,60.19286,67.07098,62.06886,4013.604,5294.0
20260729T180713_bf16_aeda42,bf16,149,458.66724,458.70641,60.4631,62.05338,62.00525,59.97056,60.38221,4013.604,5294.0
20260729T180713_bf16_aeda42,bf16,150,453.16562,453.3615,60.42215,62.84083,59.80467,60.04531,59.72992,4013.604,5294.0
20260729T180713_bf16_aeda42,bf16,151,470.01721,470.05517,63.5689,60.47129,62.13946,59.62138,59.74733,4013.604,5294.0
20260729T180713_bf16_aeda42,bf16,152,474.54959,474.58925,60.91367,59.65005,59.77293,62.61446,60.00742,4013.604,5294.0
20260729T180713_bf16_aeda42,bf16,153,453.41135,453.45636,60.2327,59.77088,64.19046,60.04736,59.57734,4013.604,5294.0
20260729T180713_bf16_aeda42,bf16,154,489.94766,489.98755,60.49382,59.8313,59.79648,59.64391,59.97875,4013.604,5294.0
20260729T180713_bf16_aeda42,bf16,155,466.42255,466.47098,63.47981,69.26131,61.79737,59.79341,59.91219,4013.604,5294.0
20260729T180713_bf16_aeda42,bf16,156,447.06638,447.10482,60.45491,60.36685,60.33395,59.69818,59.62752,4013.604,5294.0
20260729T180713_bf16_aeda42,bf16,157,524.03326,524.06849,60.22861,60.05658,62.73946,63.60167,59.70432,4013.604,5294.0
20260729T180713_bf16_aeda42,bf16,158,451.5025,451.54027,60.68941,60.01049,59.8313,59.64595,61.36422,4013.604,5294.0
20260729T180713_bf16_aeda42,bf16,159,468.09991,468.13854,60.7959,62.04928,60.30131,60.37399,61.89466,4013.604,5294.0
20260729T180713_bf16_aeda42,bf16,160,485.5257,485.5639,60.14464,59.66029,59.74733,60.07398,59.72278,4013.604,5294.0
20260729T180713_bf16_aeda42,bf16,161,459.69742,459.74406,60.60237,59.85178,60.03098,59.52614,59.91526,4013.604,5294.0
20260729T180713_bf16_aeda42,bf16,162,454.09766,454.13666,62.10867,61.86496,59.63264,59.92755,59.82922,4013.604,5294.0
20260729T180713_bf16_aeda42,bf16,163,518.35193,518.38663,60.71296,62.41895,59.57024,59.70432,59.68806,4013.604,5294.0
20260729T180713_bf16_aeda42,bf16,164,455.18524,455.2245,60.5552,59.7719,59.74234,62.17113,59.6265,4013.604,5294.0
20260729T180713_bf16_aeda42,bf16,165,472.47592,472.51541,60.13328,59.58554,59.74528,59.70637,60.64128,4013.604,5294.0
20260729T180713_bf16_aeda42,bf16,166,447.82697,447.89529,60.63821,59.83434,59.65824,59.69818,59.59987,4013.604,5294.0
20260729T180713_bf16_aeda42,bf16,167,445.20132,445.23921,60.74471,59.56403,59.80262,59.60499,59.87123,4013.604,5294.0
20260729T180713_bf16_aeda42,bf16,168,473.94839,473.98624,62.04621,59.94493,59.5415,59.67565,59.99104,4013.604,5294.0
20260729T180713_bf16_aeda42,bf16,169,453.95599,454.15524,60.30643,61.49018,59.77088,59.55789,60.49485,4013.604,5294.0
20260729T180713_bf16_aeda42,bf16,170,452.63812,452.67953,61.58755,61.45331,59.71865,61.55264,60.70272,4013.604,5294.0
20260729T180713_bf16_aeda42,bf16,171,520.6734,520.7132,60.61354,60.00537,62.80909,59.69606,59.84659,4013.604,5294.0
20260729T180713_bf16_aeda42,bf16,172,445.94577,445.98304,60.14362,60.17741,59.90195,59.904,59.74937,4013.604,5294.0
20260729T180713_bf16_aeda42,bf16,173,448.43768,448.47502,60.24819,60.65254,60.42931,59.78022,59.7975,4013.604,5294.0
20260729T180713_bf16_aeda42,bf16,174,455.09955,455.13681,63.01594,59.6992,61.05805,59.77293,59.83232,4013.604,5294.0
20260729T180713_bf16_aeda42,bf16,175,468.32004,468.35754,60.26035,62.45683,59.86007,59.57529,59.7033,4013.604,5294.0
20260729T180713_bf16_aeda42,bf16,176,480.64487,480.6832,62.9463,64.9728,62.13223,61.03245,59.85587,4013.604,5294.0
20260729T180713_bf16_aeda42,bf16,177,456.75861,456.79588,60.41491,59.80672,59.8272,59.52618,59.91322,4013.604,5294.0
20260729T180713_bf16_aeda42,bf16,178,444.56903,444.61629,60.05859,59.87943,59.7207,59.9255,59.65926,4013.604,5294.0
20260729T180713_bf16_aeda42,bf16,179,458.48065,458.52572,60.99354,59.6265,59.81901,59.65517,59.81498,4013.604,5294.0
20260729T180713_bf16_aeda42,bf16,180,462.18585,462.23083,60.92083,59.69613,59.53024,59.82413,59.74323,4013.604,5294.0
20260729T180713_bf16_aeda42,bf16,181,463.09143,463.1352,66.8857,67.3168,61.89671,60.07808,59.5712,4013.604,5294.0
20260729T180713_bf16_aeda42,bf16,182,469.31009,469.3537,60.80922,63.77575,60.64653,59.85997,59.51693,4013.604,5294.0
20260729T180713_bf16_aeda42,bf16,183,471.13818,471.17501,60.39552,59.9296,60.24694,60.05555,60.37094,4013.604,5294.0
20260729T180713_bf16_aeda42,bf16,184,490.84372,490.88341,62.03488,61.42054,59.63664,61.15021,59.99821,4013.604,5294.0
20260729T180713_bf16_aeda42,bf16,185,545.08319,545.11943,63.27206,63.68768,62.16909,61.90694,62.10458,4013.604,5294.0
20260729T180713_bf16_aeda42,bf16,186,477.58963,477.62675,60.42317,61.35501,63.60064,60.69146,60.10778,4013.604,5294.0
20260729T180713_bf16_aeda42,bf16,187,465.67493,465.71519,65.22163,62.05334,63.94368,61.24752,61.16147,4013.604,5294.0
20260729T180713_bf16_aeda42,bf16,188,455.29233,455.33382,62.33702,60.21027,62.464,59.83334,59.97466,4013.604,5294.0
20260729T180713_bf16_aeda42,bf16,189,460.74188,460.7817,61.08365,62.49565,61.38266,62.33293,62.96371,4013.604,5294.0
20260729T180713_bf16_aeda42,bf16,190,459.7478,459.78789,62.81113,63.03744,60.10061,61.22496,61.71846,4013.604,5294.0
20260729T180713_bf16_aeda42,bf16,191,450.90802,450.94789,60.33104,59.80058,59.6777,59.82106,59.83744,4013.604,5294.0
20260729T180713_bf16_aeda42,bf16,192,456.60446,456.64342,61.9817,59.7289,60.2153,60.01869,60.1559,4013.604,5294.0
20260729T180713_bf16_aeda42,bf16,193,454.05984,454.09932,60.24602,64.1239,59.78009,59.96749,61.28742,4013.604,5294.0
20260729T180713_bf16_aeda42,bf16,194,457.47583,457.51371,62.33702,61.91718,61.95815,60.30234,60.06272,4013.604,5294.0
20260729T180713_bf16_aeda42,bf16,195,459.92856,459.96757,60.27162,64.12186,64.52634,59.79136,61.60077,4013.604,5294.0
20260729T180713_bf16_aeda42,bf16,196,460.42239,460.46174,63.07943,64.83347,61.35296,60.25942,61.31498,4013.604,5294.0
20260729T180713_bf16_aeda42,bf16,197,455.10538,455.14189,63.32928,60.61158,60.0535,60.1088,60.27879,4013.604,5294.0
20260729T180713_bf16_aeda42,bf16,198,455.41153,455.45084,62.67904,60.17741,59.67872,61.16352,59.71251,4013.604,5294.0
20260729T180713_bf16_aeda42,bf16,199,448.20401,448.25286,60.8983,59.72582,60.78669,59.68486,61.06931,4013.604,5294.0
20260729T181228_fp8_d7548a,fp8_backbone,0,1051.67554,1052.38951,179.53792,196.36736,171.59987,180.67763,174.58286,2334.467,3828.0
20260729T181228_fp8_d7548a,fp8_backbone,1,1041.49744,1041.54599,173.39494,180.68582,173.71852,171.04384,173.74106,2334.467,3828.0
20260729T181228_fp8_d7548a,fp8_backbone,2,1063.43811,1063.4768,178.23334,179.43245,176.59494,174.65242,174.72615,2334.467,3828.0
20260729T181228_fp8_d7548a,fp8_backbone,3,1012.66595,1012.70147,175.77063,174.04829,173.4912,169.94714,174.72006,2334.467,3828.0
20260729T181228_fp8_d7548a,fp8_backbone,4,1051.51453,1051.54536,183.8591,193.59543,177.11104,171.86508,174.87779,2334.467,3828.0
20260729T181228_fp8_d7548a,fp8_backbone,5,1049.55554,1049.61071,179.35565,176.95334,179.22356,183.18028,177.53806,2334.467,3828.0
20260729T181228_fp8_d7548a,fp8_backbone,6,1023.30817,1023.33928,183.60115,176.88054,170.29324,173.13588,170.0311,2334.467,3828.0
20260729T181228_fp8_d7548a,fp8_backbone,7,999.75604,999.78675,170.98145,170.22566,171.647,170.32387,169.35936,2334.467,3828.0
20260729T181228_fp8_d7548a,fp8_backbone,8,997.95026,998.13096,172.87065,170.86771,169.297,169.35423,169.19244,2334.467,3828.0
20260729T181228_fp8_d7548a,fp8_backbone,9,1006.68011,1006.72142,179.29114,171.92448,169.86829,169.41568,169.60103,2334.467,3828.0
20260729T181228_fp8_d7548a,fp8_backbone,10,1020.79456,1020.82548,171.136,170.29732,170.74065,170.70387,170.08742,2334.467,3828.0
20260729T181228_fp8_d7548a,fp8_backbone,11,1026.49329,1026.52552,170.7735,170.75815,169.94817,169.75565,173.00275,2334.467,3828.0
20260729T181228_fp8_d7548a,fp8_backbone,12,1000.26776,1000.30082,171.41862,170.49402,170.62195,170.73663,169.45972,2334.467,3828.0
20260729T181228_fp8_d7548a,fp8_backbone,13,999.4306,999.46222,173.35402,170.03629,169.82631,169.57849,169.92563,2334.467,3828.0
20260729T181228_fp8_d7548a,fp8_backbone,14,998.70947,998.74389,171.03981,170.26765,170.43353,169.47514,169.26413,2334.467,3828.0
20260729T181228_fp8_d7548a,fp8_backbone,15,1014.30566,1014.34254,172.41702,170.54617,170.40793,177.46432,174.37695,2334.467,3828.0
20260729T181228_fp8_d7548a,fp8_backbone,16,999.58252,999.61527,171.02036,170.40793,170.65062,170.08846,169.93484,2334.467,3828.0
20260729T181228_fp8_d7548a,fp8_backbone,17,995.255,995.29097,170.77452,169.58873,169.49658,169.59181,169.28973,2334.467,3828.0
20260729T181228_fp8_d7548a,fp8_backbone,18,1001.44666,1001.50396,174.21516,169.7495,169.67372,169.68301,169.72289,2334.467,3828.0
20260729T181228_fp8_d7548a,fp8_backbone,19,999.3266,999.36472,171.63264,170.36391,170.0137,170.63219,169.86111,2334.467,3828.0
20260729T181228_fp8_d7548a,fp8_backbone,20,999.04865,999.08304,171.31827,170.00755,169.77921,171.99309,169.32864,2334.467,3828.0
20260729T181228_fp8_d7548a,fp8_backbone,21,998.35742,998.39425,172.26854,169.9328,169.64198,170.03107,169.73926,2334.467,3828.0
20260729T181228_fp8_d7548a,fp8_backbone,22,1005.19574,1005.22865,170.75713,169.68909,170.56358,170.08128,170.07513,2334.467,3828.0
20260729T181228_fp8_d7548a,fp8_backbone,23,1002.65277,1002.68508,173.15533,170.02803,170.24103,170.0024,169.72595,2334.467,3828.0
20260729T181228_fp8_d7548a,fp8_backbone,24,1013.51538,1013.70377,175.33754,176.02048,171.52205,171.09505,171.21178,2334.467,3828.0
20260729T181228_fp8_d7548a,fp8_backbone,25,1024.02795,1024.06858,172.65561,172.74272,171.40634,183.12909,176.34509,2334.467,3828.0
20260729T181228_fp8_d7548a,fp8_backbone,26,1069.98193,1070.0172,171.97261,171.58041,171.3623,171.48723,172.57983,2334.467,3828.0
20260729T181228_fp8_d7548a,fp8_backbone,27,1025.68994,1025.72208,176.49152,175.83197,175.55865,174.50079,175.77676,2334.467,3828.0
20260729T181228_fp8_d7548a,fp8_backbone,28,1019.59814,1019.62983,174.61043,174.44455,175.21869,174.36058,174.39539,2334.467,3828.0
20260729T181228_fp8_d7548a,fp8_backbone,29,1011.49506,1011.5268,174.73639,175.36099,171.20665,172.05043,170.99162,2334.467,3828.0
20260729T181228_fp8_d7548a,fp8_backbone,30,1004.97284,1005.00897,171.67769,170.7438,172.70375,171.73196,171.58246,2334.467,3828.0
20260729T181228_fp8_d7548a,fp8_backbone,31,1021.82196,1021.85373,178.15962,174.77837,171.44832,171.93971,174.52237,2334.467,3828.0
20260729T181228_fp8_d7548a,fp8_backbone,32,1027.09851,1027.13384,175.72044,176.13618,177.92419,174.09537,175.189,2334.467,3828.0
20260729T181228_fp8_d7548a,fp8_backbone,33,1073.42603,1073.4619,172.67404,170.77658,170.78374,170.93939,172.30937,2334.467,3828.0
20260729T181228_fp8_d7548a,fp8_backbone,34,998.94141,998.97142,172.17844,169.78938,169.96147,170.24614,169.88365,2334.467,3828.0
20260729T181228_fp8_d7548a,fp8_backbone,35,1027.08618,1027.11629,171.8098,172.76929,171.79239,170.37321,170.19188,2334.467,3828.0
20260729T181228_fp8_d7548a,fp8_backbone,36,1004.36133,1004.39309,172.46931,170.0567,171.27425,170.4274,170.97728,2334.467,3828.0
20260729T181228_fp8_d7548a,fp8_backbone,37,999.99683,1000.02682,173.18298,170.07309,170.74176,169.7321,172.20813,2334.467,3828.0
20260729T181228_fp8_d7548a,fp8_backbone,38,1046.41541,1046.44478,172.36481,170.50829,170.47552,171.91629,170.08231,2334.467,3828.0
20260729T181228_fp8_d7548a,fp8_backbone,39,999.50159,999.53266,171.32845,170.36082,170.15091,170.86157,170.46529,2334.467,3828.0
20260729T181228_fp8_d7548a,fp8_backbone,40,1006.1095,1006.14443,171.62746,174.44353,170.3168,170.93633,170.25024,2334.467,3828.0
20260729T181228_fp8_d7548a,fp8_backbone,41,1085.55908,1085.59054,172.21324,171.78931,171.71968,175.95187,173.77997,2334.467,3828.0
20260729T181228_fp8_d7548a,fp8_backbone,42,1037.177,1037.2073,172.41283,171.86612,170.84314,175.67027,171.71449,2334.467,3828.0
20260729T181228_fp8_d7548a,fp8_backbone,43,1012.76215,1012.81238,171.75766,174.81932,174.04305,174.31348,170.7439,2334.467,3828.0
20260729T181228_fp8_d7548a,fp8_backbone,44,1080.68164,1080.71142,171.37663,172.30234,173.35399,172.4016,171.31728,2334.467,3828.0
20260729T181228_fp8_d7548a,fp8_backbone,45,1055.95996,1055.99147,174.55309,174.55002,175.50029,173.89261,177.86266,2334.467,3828.0
20260729T181228_fp8_d7548a,fp8_backbone,46,1087.11328,1087.14482,176.64307,172.07808,173.71956,170.71924,169.856,2334.467,3828.0
20260729T181228_fp8_d7548a,fp8_backbone,47,1011.24811,1011.27913,173.96121,176.51199,170.74995,170.94554,170.17651,2334.467,3828.0
20260729T181228_fp8_d7548a,fp8_backbone,48,1005.03998,1005.06883,173.07034,170.24103,171.50771,170.44388,170.04135,2334.467,3828.0
20260729T181228_fp8_d7548a,fp8_backbone,49,1007.29315,1007.32533,171.36026,170.13658,170.07207,171.01721,178.14017,2334.467,3828.0
20260729T181228_fp8_d7548a,fp8_backbone,50,1013.32074,1013.35466,173.31917,170.82874,171.55174,172.14874,170.88,2334.467,3828.0
20260729T181228_fp8_d7548a,fp8_backbone,51,1000.19452,1000.22537,171.87225,171.5927,169.54163,170.03622,170.17345,2334.467,3828.0
20260729T181228_fp8_d7548a,fp8_backbone,52,1079.38647,1079.41666,171.93268,170.04442,173.41542,172.61261,173.66733,2334.467,3828.0
20260729T181228_fp8_d7548a,fp8_backbone,53,1002.56281,1002.5965,171.41965,170.11507,169.41772,170.09767,169.38701,2334.467,3828.0
20260729T181228_fp8_d7548a,fp8_backbone,54,1021.078,1021.11125,172.03619,170.18163,171.49338,169.77306,172.39552,2334.467,3828.0
20260729T181228_fp8_d7548a,fp8_backbone,55,1093.46313,1093.50365,172.22963,170.20711,171.78009,171.43295,170.91481,2334.467,3828.0
20260729T181228_fp8_d7548a,fp8_backbone,56,1003.6734,1003.70721,170.78169,170.00858,169.54982,170.56154,172.48051,2334.467,3828.0
20260729T181228_fp8_d7548a,fp8_backbone,57,1019.33606,1019.36771,172.16409,170.81754,172.20096,172.56752,170.50931,2334.467,3828.0
20260729T181228_fp8_d7548a,fp8_backbone,58,1006.36938,1006.40256,171.32953,170.51443,171.77087,170.79501,170.05977,2334.467,3828.0
20260729T181228_fp8_d7548a,fp8_backbone,59,1004.76978,1004.8027,171.20052,172.64845,169.88979,170.7438,170.50111,2334.467,3828.0
20260729T181228_fp8_d7548a,fp8_backbone,60,1117.91785,1117.95143,172.50406,171.77396,170.48679,170.28711,171.89171,2334.467,3828.0
20260729T181228_fp8_d7548a,fp8_backbone,61,1021.02661,1021.05786,171.25171,171.30701,171.42989,170.98137,170.65677,2334.467,3828.0
20260729T181228_fp8_d7548a,fp8_backbone,62,1037.18701,1037.21946,171.39815,174.76614,178.98804,179.57782,179.01363,2334.467,3828.0
20260729T181228_fp8_d7548a,fp8_backbone,63,1001.93799,1001.97113,172.58701,171.29062,170.68646,170.18471,169.73415,2334.467,3828.0
20260729T181228_fp8_d7548a,fp8_backbone,64,1007.57135,1007.60413,171.6183,172.52051,171.19232,170.923,170.27687,2334.467,3828.0
20260729T181228_fp8_d7548a,fp8_backbone,65,1005.8562,1005.89023,172.50607,172.44263,170.40077,173.32019,170.15604,2334.467,3828.0
20260729T181228_fp8_d7548a,fp8_backbone,66,1001.97095,1002.00231,172.27571,172.58189,170.91994,169.86009,170.27174,2334.467,3828.0
20260729T181228_fp8_d7548a,fp8_backbone,67,1005.11487,1005.14794,172.52864,173.17581,173.7216,171.25786,170.51443,2334.467,3828.0
20260729T181228_fp8_d7548a,fp8_backbone,68,1034.0116,1034.04364,170.84518,172.3033,170.85133,171.14624,172.25322,2334.467,3828.0
20260729T181228_fp8_d7548a,fp8_backbone,69,1018.1048,1018.13517,172.01459,172.64845,186.86668,171.79443,170.80934,2334.467,3828.0
20260729T181228_fp8_d7548a,fp8_backbone,70,1026.099,1026.13101,171.52,171.72583,173.07852,171.605,171.33363,2334.467,3828.0
20260729T181228_fp8_d7548a,fp8_backbone,71,1025.61682,1025.64993,175.787,177.3271,176.35939,175.07539,174.74765,2334.467,3828.0
20260729T181228_fp8_d7548a,fp8_backbone,72,1009.57764,1009.61026,173.14714,171.01926,173.03654,171.08275,171.12883,2334.467,3828.0
20260729T181228_fp8_d7548a,fp8_backbone,73,1008.74707,1008.78473,172.56857,171.44835,171.60602,173.05396,173.2823,2334.467,3828.0
20260729T181228_fp8_d7548a,fp8_backbone,74,1030.18506,1030.22061,175.64671,174.54381,178.08896,175.47775,174.2674,2334.467,3828.0
20260729T181228_fp8_d7548a,fp8_backbone,75,1040.83789,1040.87119,171.82413,171.24249,170.84006,170.98854,170.67213,2334.467,3828.0
20260729T181228_fp8_d7548a,fp8_backbone,76,1005.87653,1005.90629,171.41556,171.66029,171.91322,171.99718,171.77702,2334.467,3828.0
20260729T181228_fp8_d7548a,fp8_backbone,77,1104.70312,1104.73363,171.94598,174.55002,171.42271,174.17728,180.59274,2334.467,3828.0
20260729T181228_fp8_d7548a,fp8_backbone,78,1055.31958,1055.35136,172.08525,171.21895,172.30643,174.47424,173.1113,2334.467,3828.0
20260729T181228_fp8_d7548a,fp8_backbone,79,1023.86188,1023.89423,172.13338,171.33159,171.03975,173.75018,171.50476,2334.467,3828.0
20260729T181228_fp8_d7548a,fp8_backbone,80,1011.35681,1011.39071,171.50566,171.78624,171.54771,171.41043,171.10628,2334.467,3828.0
20260729T181228_fp8_d7548a,fp8_backbone,81,1054.45947,1054.49081,172.93414,172.32692,173.737,171.22189,171.76781,2334.467,3828.0
20260729T181228_fp8_d7548a,fp8_backbone,82,1024.90918,1024.94357,178.7986,175.25043,179.22458,171.95418,171.87328,2334.467,3828.0
20260729T181228_fp8_d7548a,fp8_backbone,83,1067.0282,1067.06126,177.18369,175.34874,179.57887,180.20973,177.01274,2334.467,3828.0
20260729T181228_fp8_d7548a,fp8_backbone,84,1078.3114,1078.34311,178.83853,177.97939,177.79411,177.46535,174.36263,2334.467,3828.0
20260729T181228_fp8_d7548a,fp8_backbone,85,1097.56689,1097.59759,177.32608,176.38092,176.43213,174.64729,174.02272,2334.467,3828.0
20260729T181228_fp8_d7548a,fp8_backbone,86,1014.39703,1014.42913,172.02791,172.32486,176.60826,171.79852,173.80351,2334.467,3828.0
20260729T181228_fp8_d7548a,fp8_backbone,87,1049.67163,1049.70357,172.16,172.62793,172.55731,171.605,171.56915,2334.467,3828.0
20260729T181228_fp8_d7548a,fp8_backbone,88,1022.61566,1022.64844,172.20506,176.04308,177.94356,175.69171,173.96429,2334.467,3828.0
20260729T181228_fp8_d7548a,fp8_backbone,89,1034.94739,1034.98013,176.09929,175.28729,171.29268,174.13017,172.96588,2334.467,3828.0
20260729T181228_fp8_d7548a,fp8_backbone,90,1020.85797,1020.8908,172.69244,172.63924,175.53302,175.00986,174.0032,2334.467,3828.0
20260729T181228_fp8_d7548a,fp8_backbone,91,1026.31238,1026.34478,172.86656,174.96474,173.28333,178.56615,172.77235,2334.467,3828.0
20260729T181228_fp8_d7548a,fp8_backbone,92,1009.57721,1009.61095,172.02893,174.33498,171.44423,171.47903,173.71654,2334.467,3828.0
20260729T181228_fp8_d7548a,fp8_backbone,93,1027.32458,1027.35906,184.87398,171.1442,171.76375,170.36909,170.5472,2334.467,3828.0
20260729T181228_fp8_d7548a,fp8_backbone,94,1015.13843,1015.17306,174.73024,169.7536,171.31111,176.36147,176.0983,2334.467,3828.0
20260729T181228_fp8_d7548a,fp8_backbone,95,1018.80908,1018.84406,171.42682,171.05716,170.68246,180.16768,177.41722,2334.467,3828.0
20260729T181228_fp8_d7548a,fp8_backbone,96,1029.74756,1029.77939,181.41603,175.67538,170.61372,177.10905,173.27411,2334.467,3828.0
20260729T181228_fp8_d7548a,fp8_backbone,97,1034.18445,1034.21624,174.084,174.00525,174.25305,173.90489,173.85268,2334.467,3828.0
20260729T181228_fp8_d7548a,fp8_backbone,98,1010.93311,1010.96597,172.71603,171.30196,171.73401,172.55731,171.14624,2334.467,3828.0
20260729T181228_fp8_d7548a,fp8_backbone,99,1019.0108,1019.04356,174.53978,170.59328,172.40166,171.96442,170.62694,2334.467,3828.0
20260729T181228_fp8_d7548a,fp8_backbone,100,1006.81818,1006.85606,172.52864,170.78271,173.25876,172.21632,170.4622,2334.467,3828.0
20260729T181228_fp8_d7548a,fp8_backbone,101,1041.23804,1041.27093,179.02284,174.76813,175.02617,173.09491,171.95827,2334.467,3828.0
20260729T181228_fp8_d7548a,fp8_backbone,102,1048.94482,1048.97737,174.78041,174.96269,177.04961,176.33792,177.00659,2334.467,3828.0
20260729T181228_fp8_d7548a,fp8_backbone,103,1029.26343,1029.29713,171.62547,171.81085,171.42169,171.65517,176.42598,2334.467,3828.0
20260729T181228_fp8_d7548a,fp8_backbone,104,1047.61572,1047.65275,174.87053,174.94835,174.8992,172.35149,177.18477,2334.467,3828.0
20260729T181228_fp8_d7548a,fp8_backbone,105,1080.12329,1080.15703,172.45584,171.41043,171.24249,171.17287,172.0535,2334.467,3828.0
20260729T181228_fp8_d7548a,fp8_backbone,106,1018.90637,1018.94101,171.83334,176.37479,173.84346,174.73228,174.63098,2334.467,3828.0
20260729T181228_fp8_d7548a,fp8_backbone,107,1022.72736,1022.76049,174.34828,174.59406,174.0247,175.55148,175.26784,2334.467,3828.0
20260729T181228_fp8_d7548a,fp8_backbone,108,1044.85681,1044.88909,176.13107,174.61555,173.69609,178.44531,177.13664,2334.467,3828.0
20260729T181228_fp8_d7548a,fp8_backbone,109,1040.9657,1040.99807,174.16806,174.20609,177.01888,174.14355,174.24791,2334.467,3828.0
20260729T181228_fp8_d7548a,fp8_backbone,110,1020.2121,1020.24661,170.82675,171.0674,170.88409,171.14409,170.90457,2334.467,3828.0
20260729T181228_fp8_d7548a,fp8_backbone,111,1025.48083,1025.52163,176.8192,174.38622,171.78726,173.08672,173.49222,2334.467,3828.0
20260729T181228_fp8_d7548a,fp8_backbone,112,1020.14502,1020.17909,172.71297,171.62241,171.88054,172.12729,172.01971,2334.467,3828.0
20260729T181228_fp8_d7548a,fp8_backbone,113,1063.98706,1064.04084,173.42867,174.36671,179.30138,174.2121,174.24384,2334.467,3828.0
20260729T181228_fp8_d7548a,fp8_backbone,114,1080.17639,1080.21085,173.7646,170.62605,172.46925,174.28275,174.34932,2334.467,3828.0
20260729T181228_fp8_d7548a,fp8_backbone,115,1079.91736,1079.95264,172.06265,172.38118,173.47585,171.6992,171.73196,2334.467,3828.0
20260729T181228_fp8_d7548a,fp8_backbone,116,1062.43835,1062.48149,175.83617,177.7623,174.73946,175.90784,171.4034,2334.467,3828.0
20260729T181228_fp8_d7548a,fp8_backbone,117,1075.2146,1075.24554,173.17888,170.43764,170.20927,169.78842,170.9783,2334.467,3828.0
20260729T181228_fp8_d7548a,fp8_backbone,118,1007.13501,1007.16894,171.96237,172.43034,170.98445,170.17741,170.06177,2334.467,3828.0
20260729T181228_fp8_d7548a,fp8_backbone,119,1066.11755,1066.15115,172.88295,171.563,171.52,173.37344,170.09869,2334.467,3828.0
20260729T181228_fp8_d7548a,fp8_backbone,120,1016.64136,1016.68035,171.81287,170.79604,170.83904,170.21645,172.9454,2334.467,3828.0
20260729T181228_fp8_d7548a,fp8_backbone,121,1023.39258,1023.59269,186.85747,171.73811,171.5968,171.09401,172.02995,2334.467,3828.0
20260729T181228_fp8_d7548a,fp8_backbone,122,1085.74097,1085.77425,175.4368,174.63808,176.96358,171.0592,171.24762,2334.467,3828.0
20260729T181228_fp8_d7548a,fp8_backbone,123,1014.14862,1014.18432,175.27603,175.99796,171.16467,170.73152,170.6752,2334.467,3828.0
20260729T181228_fp8_d7548a,fp8_backbone,124,1017.81842,1017.86401,175.2361,174.21721,173.98273,173.4482,174.01242,2334.467,3828.0
20260729T181228_fp8_d7548a,fp8_backbone,125,1024.15125,1024.1918,175.07431,177.80225,174.47116,177.99063,173.90387,2334.467,3828.0
20260729T181228_fp8_d7548a,fp8_backbone,126,1077.9408,1077.98277,177.80948,183.50079,183.27449,173.92647,182.18086,2334.467,3828.0
20260729T181228_fp8_d7548a,fp8_backbone,127,1019.36682,1019.40144,176.01741,173.99706,174.92378,174.16602,174.77017,2334.467,3828.0
20260729T181228_fp8_d7548a,fp8_backbone,128,1020.76715,1020.81002,178.11763,171.605,171.02029,173.93977,171.62346,2334.467,3828.0
20260729T181228_fp8_d7548a,fp8_backbone,129,1020.53137,1020.57033,175.51053,175.54124,175.12346,173.6929,174.63194,2334.467,3828.0
20260729T181228_fp8_d7548a,fp8_backbone,130,1019.85614,1019.89097,174.73741,174.73636,174.44452,177.05882,173.8976,2334.467,3828.0
20260729T181228_fp8_d7548a,fp8_backbone,131,1022.93317,1022.9666,174.29607,174.37695,174.44659,173.50656,174.88077,2334.467,3828.0
20260729T181228_fp8_d7548a,fp8_backbone,132,1007.66217,1007.69687,172.37811,171.32646,172.76007,171.11961,170.29222,2334.467,3828.0
20260729T181228_fp8_d7548a,fp8_backbone,133,1005.39844,1005.4333,173.02217,170.1458,171.05818,170.74893,171.06125,2334.467,3828.0
20260729T181228_fp8_d7548a,fp8_backbone,134,1022.13928,1022.17216,171.22919,171.48621,170.85347,170.72128,170.84723,2334.467,3828.0
20260729T181228_fp8_d7548a,fp8_backbone,135,1009.49615,1009.52899,172.19789,171.13907,172.28493,171.11244,171.13498,2334.467,3828.0
20260729T181228_fp8_d7548a,fp8_backbone,136,1074.00232,1074.03438,171.70329,171.05716,171.27321,171.07866,170.98241,2334.467,3828.0
20260729T181228_fp8_d7548a,fp8_backbone,137,1012.75421,1012.79031,171.42477,170.64551,169.9584,170.32089,170.36288,2334.467,3828.0
20260729T181228_fp8_d7548a,fp8_backbone,138,1007.20288,1007.24188,171.83539,171.50362,171.83334,171.39917,173.94788,2334.467,3828.0
20260729T181228_fp8_d7548a,fp8_backbone,139,1012.64557,1012.68068,171.39098,170.22771,170.74371,170.58406,170.51033,2334.467,3828.0
20260729T181228_fp8_d7548a,fp8_backbone,140,1016.58527,1016.62177,172.4375,172.6167,181.94627,171.15443,170.71622,2334.467,3828.0
20260729T181228_fp8_d7548a,fp8_backbone,141,1009.94495,1009.98228,172.13338,171.50566,170.48375,171.40121,170.80013,2334.467,3828.0
20260729T181228_fp8_d7548a,fp8_backbone,142,1040.45007,1040.48616,173.31404,174.01657,183.08505,179.51437,178.92455,2334.467,3828.0
20260729T181228_fp8_d7548a,fp8_backbone,143,1072.39758,1072.43244,171.47495,171.47495,171.31111,170.04544,170.06688,2334.467,3828.0
20260729T181228_fp8_d7548a,fp8_backbone,144,1019.20367,1019.23696,171.69305,170.95065,170.11713,170.14272,178.21696,2334.467,3828.0
20260729T181228_fp8_d7548a,fp8_backbone,145,1006.88739,1006.92275,173.04666,172.39046,170.64551,171.02132,170.43753,2334.467,3828.0
20260729T181228_fp8_d7548a,fp8_backbone,146,1109.77417,1109.80612,172.67097,177.69264,171.97159,171.16774,171.22202,2334.467,3828.0
20260729T181228_fp8_d7548a,fp8_backbone,147,1118.42676,1118.46178,175.84026,171.68384,171.53844,174.65453,185.4249,2334.467,3828.0
20260729T181228_fp8_d7548a,fp8_backbone,148,1031.76685,1031.80115,176.4608,171.24352,173.31097,173.31712,171.9337,2334.467,3828.0
20260729T181228_fp8_d7548a,fp8_backbone,149,1018.51495,1018.56238,173.83833,173.98886,173.47696,174.82547,174.08615,2334.467,3828.0
20260729T181228_fp8_d7548a,fp8_backbone,150,1038.48145,1038.532,174.59814,170.88205,170.54617,170.49286,170.78886,2334.467,3828.0
20260729T181228_fp8_d7548a,fp8_backbone,151,1059.18396,1059.21805,178.33165,185.24774,186.88512,184.07423,170.90868,2334.467,3828.0
20260729T181228_fp8_d7548a,fp8_backbone,152,1075.45166,1075.48532,172.56244,171.16263,170.4151,170.58406,171.34705,2334.467,3828.0
20260729T181228_fp8_d7548a,fp8_backbone,153,1010.44812,1010.48165,172.28391,172.24506,171.47801,171.11964,173.76755,2334.467,3828.0
20260729T181228_fp8_d7548a,fp8_backbone,154,1009.00671,1009.04098,173.95097,171.79648,171.87846,171.47392,173.19424,2334.467,3828.0
20260729T181228_fp8_d7548a,fp8_backbone,155,1021.48309,1021.51637,176.38298,177.73978,175.97542,170.28403,170.23692,2334.467,3828.0
20260729T181228_fp8_d7548a,fp8_backbone,156,1009.97491,1010.00696,172.32281,170.50111,170.36806,169.98912,170.52879,2334.467,3828.0
20260729T181228_fp8_d7548a,fp8_backbone,157,999.29541,999.3295,171.51385,170.16319,170.95168,169.64301,171.27219,2334.467,3828.0
20260729T181228_fp8_d7548a,fp8_backbone,158,1006.62024,1006.6545,171.68999,170.3598,170.33011,170.27776,170.82982,2334.467,3828.0
20260729T181228_fp8_d7548a,fp8_backbone,159,1019.27386,1019.30668,175.33031,175.30777,175.27501,173.86292,171.89795,2334.467,3828.0
20260729T181228_fp8_d7548a,fp8_backbone,160,1030.48926,1030.52513,176.46585,179.30753,177.18375,173.9223,174.9218,2334.467,3828.0
20260729T181228_fp8_d7548a,fp8_backbone,161,1019.80792,1019.84266,174.26944,174.96678,174.41888,171.3112,176.12595,2334.467,3828.0
20260729T181228_fp8_d7548a,fp8_backbone,162,1013.34589,1013.38231,174.26944,173.40825,174.61453,172.63603,171.53535,2334.467,3828.0
20260729T181228_fp8_d7548a,fp8_backbone,163,1009.85974,1009.89514,171.86607,171.43501,171.61626,171.60909,171.10628,2334.467,3828.0
20260729T181228_fp8_d7548a,fp8_backbone,164,1014.5282,1014.56301,174.5367,172.89728,171.48927,171.75244,173.35399,2334.467,3828.0
20260729T181228_fp8_d7548a,fp8_backbone,165,1096.6311,1096.66551,175.15417,174.77119,173.53625,173.55571,174.01958,2334.467,3828.0
20260729T181228_fp8_d7548a,fp8_backbone,166,1032.52551,1032.5607,171.97874,171.74937,171.58348,171.87021,174.01651,2334.467,3828.0
20260729T181228_fp8_d7548a,fp8_backbone,167,1033.15955,1033.19433,175.85356,174.10663,173.67648,172.91162,170.35162,2334.467,3828.0
20260729T181228_fp8_d7548a,fp8_backbone,168,1016.22223,1016.25813,171.37971,170.19084,170.46016,170.46025,170.54311,2334.467,3828.0
20260729T181228_fp8_d7548a,fp8_backbone,169,1010.02032,1010.05433,170.83495,169.68089,169.58771,169.9543,170.34241,2334.467,3828.0
20260729T181228_fp8_d7548a,fp8_backbone,170,1017.7326,1017.77313,172.93619,171.28448,170.78169,170.72948,170.84314,2334.467,3828.0
20260729T181228_fp8_d7548a,fp8_backbone,171,1002.59344,1002.62795,171.79955,170.496,170.71718,170.72026,172.51335,2334.467,3828.0
20260729T181228_fp8_d7548a,fp8_backbone,172,1056.875,1056.91011,173.80249,173.34375,176.9902,174.01242,174.06566,2334.467,3828.0
20260729T181228_fp8_d7548a,fp8_backbone,173,1006.79626,1006.83189,170.87581,171.18822,170.40384,171.12781,170.90048,2334.467,3828.0
20260729T181228_fp8_d7548a,fp8_backbone,174,1014.01233,1014.05733,172.08832,175.45012,170.35776,170.63425,170.3127,2334.467,3828.0
20260729T181228_fp8_d7548a,fp8_backbone,175,1176.52454,1176.56909,176.30208,175.35693,175.47981,175.4706,176.60007,2334.467,3828.0
20260729T181228_fp8_d7548a,fp8_backbone,176,1029.29858,1029.33266,174.51724,174.16089,179.25827,176.87654,176.69427,2334.467,3828.0
20260729T181228_fp8_d7548a,fp8_backbone,177,1035.21997,1035.25479,175.76039,178.96448,179.86461,178.31841,175.21971,2334.467,3828.0
20260729T181228_fp8_d7548a,fp8_backbone,178,1017.67847,1017.7136,175.03847,171.59167,174.41484,172.47847,177.14073,2334.467,3828.0
20260729T181228_fp8_d7548a,fp8_backbone,179,1087.10132,1087.13423,173.50963,174.2121,176.22324,171.50566,173.02937,2334.467,3828.0
20260729T181228_fp8_d7548a,fp8_backbone,180,1037.59436,1037.63099,195.08018,180.9664,171.70125,171.22816,171.8743,2334.467,3828.0
20260729T181228_fp8_d7548a,fp8_backbone,181,1031.14563,1031.18132,173.07137,181.72313,179.39149,174.67801,175.82591,2334.467,3828.0
20260729T181228_fp8_d7548a,fp8_backbone,182,1024.40002,1024.4382,182.30579,174.29811,172.47847,172.28288,172.13133,2334.467,3828.0
20260729T181228_fp8_d7548a,fp8_backbone,183,1022.10791,1022.14184,174.32883,174.85414,174.17412,174.07385,174.66582,2334.467,3828.0
20260729T181228_fp8_d7548a,fp8_backbone,184,1034.05627,1034.0909,174.20493,170.17754,170.93939,172.40063,171.98592,2334.467,3828.0
20260729T181228_fp8_d7548a,fp8_backbone,185,1050.61389,1050.6504,177.22266,176.35123,174.18442,180.1472,171.68896,2334.467,3828.0
20260729T181228_fp8_d7548a,fp8_backbone,186,1039.42236,1039.45734,176.91545,175.33542,174.26431,175.06201,176.6656,2334.467,3828.0
20260729T181228_fp8_d7548a,fp8_backbone,187,1029.14685,1029.18114,177.11719,173.78918,174.06464,174.32576,175.58835,2334.467,3828.0
20260729T181228_fp8_d7548a,fp8_backbone,188,1024.41455,1024.44924,174.40358,174.33293,173.98784,174.01447,175.64671,2334.467,3828.0
20260729T181228_fp8_d7548a,fp8_backbone,189,1087.07581,1087.11093,172.2368,169.99527,171.97159,170.61584,177.96608,2334.467,3828.0
20260729T181228_fp8_d7548a,fp8_backbone,190,1013.80688,1013.84384,172.74368,173.62227,172.38736,170.64857,171.75244,2334.467,3828.0
20260729T181228_fp8_d7548a,fp8_backbone,191,1089.40906,1089.44438,180.21376,171.68179,170.22873,169.64204,171.91014,2334.467,3828.0
20260729T181228_fp8_d7548a,fp8_backbone,192,1008.60889,1008.64449,173.35297,170.66292,170.95683,170.11917,170.0495,2334.467,3828.0
20260729T181228_fp8_d7548a,fp8_backbone,193,1000.52472,1000.55931,171.81696,169.74132,170.86671,169.97273,171.04684,2334.467,3828.0
20260729T181228_fp8_d7548a,fp8_backbone,194,1130.9137,1130.94476,171.78419,172.33818,170.17651,170.26355,169.52525,2334.467,3828.0
20260729T181228_fp8_d7548a,fp8_backbone,195,1093.57104,1093.60386,178.22925,171.02029,170.59021,170.86157,172.71297,2334.467,3828.0
20260729T181228_fp8_d7548a,fp8_backbone,196,1072.65259,1072.6862,176.84889,173.73491,174.79578,176.31642,174.66777,2334.467,3828.0
20260729T181228_fp8_d7548a,fp8_backbone,197,1132.82568,1132.86865,184.35994,185.97375,175.29651,171.79443,172.66483,2334.467,3828.0
20260729T181228_fp8_d7548a,fp8_backbone,198,1106.90759,1106.94073,177.90463,173.66426,173.92323,185.18016,171.31427,2334.467,3828.0
20260729T181228_fp8_d7548a,fp8_backbone,199,1052.62878,1052.66097,173.2905,172.40474,173.16557,184.16129,171.14531,2334.467,3828.0
20260729T180721_int8_wo_9c184a,int8_weight_only,0,556.297,556.34309,81.86163,80.05222,80.22016,81.38956,81.30355,2327.315,3942.0
20260729T180721_int8_wo_9c184a,int8_weight_only,1,548.95428,548.99502,80.89805,79.44601,79.4665,81.23392,80.25907,2327.315,3942.0
20260729T180721_int8_wo_9c184a,int8_weight_only,2,538.776,538.81287,80.42393,77.08672,77.58947,77.32841,77.02221,2327.315,3942.0
20260729T180721_int8_wo_9c184a,int8_weight_only,3,584.23468,584.27484,82.57741,79.38355,78.88589,79.26374,79.35386,2327.315,3942.0
20260729T180721_int8_wo_9c184a,int8_weight_only,4,558.20807,558.25077,81.01683,81.75719,81.70599,84.40935,81.88928,2327.315,3942.0
20260729T180721_int8_wo_9c184a,int8_weight_only,5,603.72083,603.75772,81.96301,80.29798,79.43885,78.30112,78.32576,2327.315,3942.0
20260729T180721_int8_wo_9c184a,int8_weight_only,6,537.82727,537.86247,79.06198,78.75993,77.6448,76.79075,76.86048,2327.315,3942.0
20260729T180721_int8_wo_9c184a,int8_weight_only,7,548.21063,548.25167,85.16915,77.66528,76.70167,79.9529,78.04006,2327.315,3942.0
20260729T180721_int8_wo_9c184a,int8_weight_only,8,564.32776,564.37285,78.99751,76.95975,81.84422,83.31062,92.68327,2327.315,3942.0
20260729T180721_int8_wo_9c184a,int8_weight_only,9,612.60736,612.64577,79.47059,79.38867,82.61632,80.384,80.08909,2327.315,3942.0
20260729T180721_int8_wo_9c184a,int8_weight_only,10,535.40527,535.44349,79.04563,78.80909,76.54099,77.77373,77.32736,2327.315,3942.0
20260729T180721_int8_wo_9c184a,int8_weight_only,11,553.97766,554.01709,79.75629,81.03834,81.78893,81.36295,80.15575,2327.315,3942.0
20260729T180721_int8_wo_9c184a,int8_weight_only,12,550.0827,550.11889,81.77962,80.27955,80.89395,78.7159,78.70771,2327.315,3942.0
20260729T180721_int8_wo_9c184a,int8_weight_only,13,561.50226,561.5575,80.49152,79.55456,80.8448,82.06643,91.42067,2327.315,3942.0
20260729T180721_int8_wo_9c184a,int8_weight_only,14,613.93585,613.97401,84.70221,83.45907,77.92845,77.30167,76.8809,2327.315,3942.0
20260729T180721_int8_wo_9c184a,int8_weight_only,15,553.33453,553.40635,83.1232,79.34157,78.75789,78.75687,81.54317,2327.315,3942.0
20260729T180721_int8_wo_9c184a,int8_weight_only,16,643.2644,643.30268,83.48672,83.19792,88.17357,81.12025,79.61088,2327.315,3942.0
20260729T180721_int8_wo_9c184a,int8_weight_only,17,564.25946,564.4506,79.94266,78.67699,79.49619,80.28468,78.54579,2327.315,3942.0
20260729T180721_int8_wo_9c184a,int8_weight_only,18,588.13983,588.17631,82.40537,79.68153,77.05907,76.70365,78.33498,2327.315,3942.0
20260729T180721_int8_wo_9c184a,int8_weight_only,19,555.36554,555.4091,80.52122,87.4496,78.64326,77.26899,80.94617,2327.315,3942.0
20260729T180721_int8_wo_9c184a,int8_weight_only,20,551.96588,552.03904,80.34931,79.95699,79.48083,78.88589,81.2032,2327.315,3942.0
20260729T180721_int8_wo_9c184a,int8_weight_only,21,616.36829,616.41418,81.11913,78.85936,84.49229,86.54951,84.97766,2327.315,3942.0
20260729T180721_int8_wo_9c184a,int8_weight_only,22,565.87836,565.92197,88.46233,86.17974,81.18681,81.31482,81.60154,2327.315,3942.0
20260729T180721_int8_wo_9c184a,int8_weight_only,23,551.84119,551.8913,80.86118,80.20583,78.592,80.45773,79.98566,2327.315,3942.0
20260729T180721_int8_wo_9c184a,int8_weight_only,24,551.83112,552.02601,82.81696,79.59546,79.96915,80.04813,82.16064,2327.315,3942.0
20260729T180721_int8_wo_9c184a,int8_weight_only,25,550.25549,550.29339,80.72704,80.18534,79.4194,79.07226,79.78407,2327.315,3942.0
20260729T180721_int8_wo_9c184a,int8_weight_only,26,549.27307,549.31529,81.91488,80.56832,83.98336,79.23392,76.91367,2327.315,3942.0
20260729T180721_int8_wo_9c184a,int8_weight_only,27,598.1908,598.23455,86.36403,81.51859,84.81383,90.73972,106.53799,2327.315,3942.0
20260729T180721_int8_wo_9c184a,int8_weight_only,28,567.35712,567.43176,81.60973,79.91296,82.32346,77.21472,77.84953,2327.315,3942.0
20260729T180721_int8_wo_9c184a,int8_weight_only,29,543.3064,543.36731,79.51974,77.36525,77.11232,77.07239,77.92742,2327.315,3942.0
20260729T180721_int8_wo_9c184a,int8_weight_only,30,567.29724,567.34077,80.31232,78.79168,88.48077,91.22304,78.17117,2327.315,3942.0
20260729T180721_int8_wo_9c184a,int8_weight_only,31,581.849,581.88875,83.05766,86.23206,81.0414,91.6183,85.18861,2327.315,3942.0
20260729T180721_int8_wo_9c184a,int8_weight_only,32,544.77545,544.81493,80.25395,78.14349,79.99898,77.98374,78.44454,2327.315,3942.0
20260729T180721_int8_wo_9c184a,int8_weight_only,33,549.65179,549.69761,81.13049,82.38387,79.74707,79.30061,78.55309,2327.315,3942.0
20260729T180721_int8_wo_9c184a,int8_weight_only,34,566.12213,566.1619,82.01421,81.39571,80.92467,80.44441,86.29849,2327.315,3942.0
20260729T180721_int8_wo_9c184a,int8_weight_only,35,632.48755,632.67982,79.85049,77.84858,77.88851,78.48038,78.36362,2327.315,3942.0
20260729T180721_int8_wo_9c184a,int8_weight_only,36,550.98291,551.02003,80.63078,78.82854,79.8423,79.3457,78.55104,2327.315,3942.0
20260729T180721_int8_wo_9c184a,int8_weight_only,37,548.62274,548.66368,80.98304,79.93139,79.20845,80.94003,79.13264,2327.315,3942.0
20260729T180721_int8_wo_9c184a,int8_weight_only,38,543.64038,543.67894,80.68506,78.34521,78.90636,78.34727,78.2592,2327.315,3942.0
20260729T180721_int8_wo_9c184a,int8_weight_only,39,551.65979,551.69926,81.43565,78.63091,79.88122,80.11878,82.10739,2327.315,3942.0
20260729T180721_int8_wo_9c184a,int8_weight_only,40,642.99762,643.03581,85.24698,84.49638,78.86131,79.23814,79.09991,2327.315,3942.0
20260729T180721_int8_wo_9c184a,int8_weight_only,41,591.13666,591.17084,80.03379,79.22688,80.16998,80.77619,80.52122,2327.315,3942.0
20260729T180721_int8_wo_9c184a,int8_weight_only,42,561.79706,561.83441,82.10227,83.0034,81.24007,79.98874,79.84541,2327.315,3942.0
20260729T180721_int8_wo_9c184a,int8_weight_only,43,550.37231,550.41023,80.77415,78.34727,77.88032,79.75322,80.80692,2327.315,3942.0
20260729T180721_int8_wo_9c184a,int8_weight_only,44,569.28131,569.31827,89.22624,88.33024,80.79974,80.96678,79.01798,2327.315,3942.0
20260729T180721_int8_wo_9c184a,int8_weight_only,45,541.8111,541.85064,79.24019,78.59827,78.13325,79.98976,79.55763,2327.315,3942.0
20260729T180721_int8_wo_9c184a,int8_weight_only,46,565.00342,565.0425,80.55808,78.55412,79.17875,80.46592,80.22016,2327.315,3942.0
20260729T180721_int8_wo_9c184a,int8_weight_only,47,578.62469,578.66564,79.44601,78.0247,78.45786,79.21767,82.56103,2327.315,3942.0
20260729T180721_int8_wo_9c184a,int8_weight_only,48,556.9483,556.9881,79.232,81.63737,80.12595,78.9463,78.31968,2327.315,3942.0
20260729T180721_int8_wo_9c184a,int8_weight_only,49,563.48077,563.51827,81.92819,86.61401,85.02477,79.20435,78.7968,2327.315,3942.0
20260729T180721_int8_wo_9c184a,int8_weight_only,50,546.13379,546.17041,81.42746,79.04768,80.06656,79.58528,78.66778,2327.315,3942.0
20260729T180721_int8_wo_9c184a,int8_weight_only,51,542.14362,542.18409,79.17056,78.61658,78.39539,78.23872,78.3831,2327.315,3942.0
20260729T180721_int8_wo_9c184a,int8_weight_only,52,557.58527,557.62326,79.81158,78.05543,79.36512,79.86995,80.20483,2327.315,3942.0
20260729T180721_int8_wo_9c184a,int8_weight_only,53,568.60028,568.63576,81.53293,79.36614,86.78803,82.96243,78.46192,2327.315,3942.0
20260729T180721_int8_wo_9c184a,int8_weight_only,54,543.50098,543.53951,78.92685,79.24122,79.04359,79.16336,79.27603,2327.315,3942.0
20260729T180721_int8_wo_9c184a,int8_weight_only,55,564.32166,564.3604,80.32153,80.3831,79.2535,80.36038,84.07961,2327.315,3942.0
20260729T180721_int8_wo_9c184a,int8_weight_only,56,547.62341,547.66212,81.80019,80.47616,79.34576,78.592,79.07533,2327.315,3942.0
20260729T180721_int8_wo_9c184a,int8_weight_only,57,565.4505,565.49192,80.0983,78.81011,89.728,88.83712,80.05424,2327.315,3942.0
20260729T180721_int8_wo_9c184a,int8_weight_only,58,543.96515,544.00292,83.18156,78.15066,78.15066,78.37181,78.04022,2327.315,3942.0
20260729T180721_int8_wo_9c184a,int8_weight_only,59,537.21918,537.25726,78.79373,77.77075,78.02982,77.65913,78.10554,2327.315,3942.0
20260729T180721_int8_wo_9c184a,int8_weight_only,60,538.76862,538.80967,79.36716,78.78452,77.952,76.58496,77.19527,2327.315,3942.0
20260729T180721_int8_wo_9c184a,int8_weight_only,61,559.39917,559.44428,91.14624,81.81651,79.28423,79.47158,79.17875,2327.315,3942.0
20260729T180721_int8_wo_9c184a,int8_weight_only,62,539.39532,539.43176,79.39079,77.99911,78.20698,78.70464,78.91661,2327.315,3942.0
20260729T180721_int8_wo_9c184a,int8_weight_only,63,544.23639,544.2739,78.95142,79.13779,78.75072,77.71853,78.35648,2327.315,3942.0
20260729T180721_int8_wo_9c184a,int8_weight_only,64,551.10663,551.14402,79.53203,78.93811,79.50643,80.03891,80.42803,2327.315,3942.0
20260729T180721_int8_wo_9c184a,int8_weight_only,65,535.67816,535.71791,79.38765,77.16864,77.79123,77.60281,78.44044,2327.315,3942.0
20260729T180721_int8_wo_9c184a,int8_weight_only,66,569.40369,569.44621,80.42393,79.79719,90.68544,89.38189,80.04301,2327.315,3942.0
20260729T180721_int8_wo_9c184a,int8_weight_only,67,546.35101,546.3884,78.98521,78.4384,78.7282,78.96573,78.98317,2327.315,3942.0
20260729T180721_int8_wo_9c184a,int8_weight_only,68,552.22247,552.25968,81.2288,80.90627,80.25191,81.07315,81.60666,2327.315,3942.0
20260729T180721_int8_wo_9c184a,int8_weight_only,69,564.24585,564.28438,81.80326,82.53952,84.3858,83.99258,83.80621,2327.315,3942.0
20260729T180721_int8_wo_9c184a,int8_weight_only,70,554.78558,554.82279,80.78643,79.9959,80.46182,82.69415,82.24678,2327.315,3942.0
20260729T180721_int8_wo_9c184a,int8_weight_only,71,658.82062,658.85731,80.58253,79.07952,80.69632,79.38048,81.1561,2327.315,3942.0
20260729T180721_int8_wo_9c184a,int8_weight_only,72,619.4494,619.4847,80.12902,82.30093,80.75162,81.10278,82.81293,2327.315,3942.0
20260729T180721_int8_wo_9c184a,int8_weight_only,73,583.71301,583.75292,85.23673,85.73952,83.72839,84.79846,83.50515,2327.315,3942.0
20260729T180721_int8_wo_9c184a,int8_weight_only,74,633.24939,633.30163,79.45831,79.05792,81.44282,79.61907,92.71808,2327.315,3942.0
20260729T180721_int8_wo_9c184a,int8_weight_only,75,624.15656,624.19982,78.99443,78.93913,78.51725,77.3847,78.52441,2327.315,3942.0
20260729T180721_int8_wo_9c184a,int8_weight_only,76,573.73206,573.77144,82.1289,80.10342,84.04276,89.89082,89.95943,2327.315,3942.0
20260729T180721_int8_wo_9c184a,int8_weight_only,77,568.09778,568.13679,85.65965,81.88007,81.34877,81.66502,81.66912,2327.315,3942.0
20260729T180721_int8_wo_9c184a,int8_weight_only,78,556.58734,556.62689,81.41821,81.22061,81.62918,81.68957,80.90521,2327.315,3942.0
20260729T180721_int8_wo_9c184a,int8_weight_only,79,660.7533,660.79599,102.43789,98.14016,97.61274,97.71622,98.03366,2327.315,3942.0
20260729T180721_int8_wo_9c184a,int8_weight_only,80,665.83508,665.88381,101.72518,101.40877,100.56899,101.00736,100.62234,2327.315,3942.0
20260729T180721_int8_wo_9c184a,int8_weight_only,81,729.54205,729.58582,100.93875,101.01965,100.84557,100.29465,99.40788,2327.315,3942.0
20260729T180721_int8_wo_9c184a,int8_weight_only,82,651.9801,652.02543,100.90086,97.92406,97.9497,97.7664,97.85744,2327.315,3942.0
20260729T180721_int8_wo_9c184a,int8_weight_only,83,556.61127,556.65391,80.76499,77.54752,76.8727,80.0471,78.50291,2327.315,3942.0
20260729T180721_int8_wo_9c184a,int8_weight_only,84,550.07562,550.11399,80.54169,80.55193,81.11616,81.28717,79.50848,2327.315,3942.0
20260729T180721_int8_wo_9c184a,int8_weight_only,85,551.47229,551.51171,79.80954,78.79382,78.76711,79.39993,80.8448,2327.315,3942.0
20260729T180721_int8_wo_9c184a,int8_weight_only,86,586.89954,586.94069,83.91475,88.80231,87.57043,89.4249,82.57536,2327.315,3942.0
20260729T180721_int8_wo_9c184a,int8_weight_only,87,571.42816,571.46837,90.27174,83.90445,89.87546,79.51463,80.67379,2327.315,3942.0
20260729T180721_int8_wo_9c184a,int8_weight_only,88,555.19794,555.26622,80.14131,86.5824,80.85094,80.1833,79.92624,2327.315,3942.0
20260729T180721_int8_wo_9c184a,int8_weight_only,89,537.39386,537.43842,79.38457,78.64217,76.73241,77.0601,77.37034,2327.315,3942.0
20260729T180721_int8_wo_9c184a,int8_weight_only,90,589.73944,589.77717,78.7927,77.34886,87.04919,84.04992,80.57139,2327.315,3942.0
20260729T180721_int8_wo_9c184a,int8_weight_only,91,548.88641,548.92817,79.24122,78.34106,79.17773,81.75923,82.28967,2327.315,3942.0
20260729T180721_int8_wo_9c184a,int8_weight_only,92,543.12018,543.15915,79.09274,78.44656,78.47833,78.89101,78.02675,2327.315,3942.0
20260729T180721_int8_wo_9c184a,int8_weight_only,93,537.12598,537.16325,78.93296,77.36208,77.1881,78.73228,79.00262,2327.315,3942.0
20260729T180721_int8_wo_9c184a,int8_weight_only,94,570.89948,570.9391,80.40244,79.48083,81.32086,84.07757,87.21933,2327.315,3942.0
20260729T180721_int8_wo_9c184a,int8_weight_only,95,552.4082,552.44786,80.30925,81.4377,80.128,78.83469,83.23482,2327.315,3942.0
20260729T180721_int8_wo_9c184a,int8_weight_only,96,557.77252,557.82198,79.68768,80.08698,81.4336,80.89497,87.3728,2327.315,3942.0
20260729T180721_int8_wo_9c184a,int8_weight_only,97,589.22595,589.26985,86.08051,78.6175,77.47066,76.97613,76.56647,2327.315,3942.0
20260729T180721_int8_wo_9c184a,int8_weight_only,98,538.30237,538.48473,79.8464,77.95917,77.15635,77.40108,76.56134,2327.315,3942.0
20260729T180721_int8_wo_9c184a,int8_weight_only,99,541.61993,541.66046,78.51827,77.42464,79.97952,81.23392,78.58176,2327.315,3942.0
20260729T180721_int8_wo_9c184a,int8_weight_only,100,556.47864,556.51891,84.34995,90.75302,81.25747,76.9824,76.57974,2327.315,3942.0
20260729T180721_int8_wo_9c184a,int8_weight_only,101,542.19196,542.23906,78.87155,84.34688,77.82809,77.40413,77.07955,2327.315,3942.0
20260729T180721_int8_wo_9c184a,int8_weight_only,102,535.41333,535.45755,78.97088,77.58438,76.80922,76.63411,77.01811,2327.315,3942.0
20260729T180721_int8_wo_9c184a,int8_weight_only,103,531.43286,531.4704,78.83878,77.08365,76.96896,76.73241,76.81325,2327.315,3942.0
20260729T180721_int8_wo_9c184a,int8_weight_only,104,552.45398,552.50649,78.79987,77.13689,78.91354,78.32883,90.90765,2327.315,3942.0
20260729T180721_int8_wo_9c184a,int8_weight_only,105,623.10419,623.13995,80.02048,78.82957,78.9248,82.34701,78.28685,2327.315,3942.0
20260729T180721_int8_wo_9c184a,int8_weight_only,106,539.87323,539.91205,79.21459,78.31142,78.43533,77.74608,78.20596,2327.315,3942.0
20260729T180721_int8_wo_9c184a,int8_weight_only,107,549.32404,549.37083,81.3271,81.47353,80.48128,79.06918,78.00311,2327.315,3942.0
20260729T180721_int8_wo_9c184a,int8_weight_only,108,534.66577,534.70555,79.09274,77.31418,76.64026,77.79226,77.6366,2327.315,3942.0
20260729T180721_int8_wo_9c184a,int8_weight_only,109,560.28217,560.34828,85.71904,88.32102,82.46272,77.27206,76.63104,2327.315,3942.0
20260729T180721_int8_wo_9c184a,int8_weight_only,110,576.4483,576.4909,79.44295,76.87885,77.22394,91.18617,80.58573,2327.315,3942.0
20260729T180721_int8_wo_9c184a,int8_weight_only,111,633.52203,633.57323,79.72454,83.54407,86.32832,83.69254,79.4798,2327.315,3942.0
20260729T180721_int8_wo_9c184a,int8_weight_only,112,560.89502,560.93964,82.49139,82.19648,80.95232,78.95347,83.59731,2327.315,3942.0
20260729T180721_int8_wo_9c184a,int8_weight_only,113,592.31244,592.35377,79.30464,76.67609,77.15225,77.28844,76.88704,2327.315,3942.0
20260729T180721_int8_wo_9c184a,int8_weight_only,114,533.04498,533.23915,79.4194,77.22496,76.71398,77.07853,79.79417,2327.315,3942.0
20260729T180721_int8_wo_9c184a,int8_weight_only,115,572.93353,572.97061,79.52794,77.00378,77.0048,77.30279,77.01709,2327.315,3942.0
20260729T180721_int8_wo_9c184a,int8_weight_only,116,531.59607,531.63268,79.05075,77.12256,76.79897,76.77645,77.01094,2327.315,3942.0
20260729T180721_int8_wo_9c184a,int8_weight_only,117,547.97998,548.03033,81.25133,81.8647,78.02982,78.49574,79.84845,2327.315,3942.0
20260729T180721_int8_wo_9c184a,int8_weight_only,118,571.94617,571.98681,81.59744,79.44295,78.97805,80.75878,79.19616,2327.315,3942.0
20260729T180721_int8_wo_9c184a,int8_weight_only,119,542.63715,542.67936,80.14022,79.1552,78.05645,78.17113,77.60487,2327.315,3942.0
20260729T180721_int8_wo_9c184a,int8_weight_only,120,544.2868,544.33222,80.17612,79.83101,79.46547,79.44704,78.95462,2327.315,3942.0
20260729T180721_int8_wo_9c184a,int8_weight_only,121,548.92175,548.98319,80.0553,77.68259,77.51884,83.925,83.49491,2327.315,3942.0
20260729T180721_int8_wo_9c184a,int8_weight_only,122,553.52319,553.57198,80.48333,82.33565,83.01568,77.97862,77.35296,2327.315,3942.0
20260729T180721_int8_wo_9c184a,int8_weight_only,123,535.19836,535.24012,79.84538,77.50758,77.24134,77.11334,78.58073,2327.315,3942.0
20260729T180721_int8_wo_9c184a,int8_weight_only,124,563.77374,563.83236,79.68871,79.97645,79.27091,85.99552,91.38486,2327.315,3942.0
20260729T180721_int8_wo_9c184a,int8_weight_only,125,559.42761,559.48647,83.89735,80.52326,81.54522,78.7456,80.67891,2327.315,3942.0
20260729T180721_int8_wo_9c184a,int8_weight_only,126,557.63593,557.67868,80.45568,79.27597,78.0615,83.61063,83.43552,2327.315,3942.0
20260729T180721_int8_wo_9c184a,int8_weight_only,127,540.28528,540.32738,80.2857,77.39187,76.98739,77.1287,77.11846,2327.315,3942.0
20260729T180721_int8_wo_9c184a,int8_weight_only,128,546.04944,546.08951,80.04915,78.74758,79.23405,81.66512,79.67043,2327.315,3942.0
20260729T180721_int8_wo_9c184a,int8_weight_only,129,565.33246,565.37163,85.39443,82.82829,82.6409,80.5079,79.06918,2327.315,3942.0
20260729T180721_int8_wo_9c184a,int8_weight_only,130,538.38556,538.42279,79.13779,77.45332,78.26125,77.64275,77.08986,2327.315,3942.0
20260729T180721_int8_wo_9c184a,int8_weight_only,131,596.98151,597.01812,83.28294,85.47226,81.27392,82.74329,77.32941,2327.315,3942.0
20260729T180721_int8_wo_9c184a,int8_weight_only,132,540.79608,540.83598,79.13158,77.67052,77.24032,78.29811,80.15974,2327.315,3942.0
20260729T180721_int8_wo_9c184a,int8_weight_only,133,551.90027,551.94005,82.02957,81.67628,79.68973,78.91856,78.50598,2327.315,3942.0
20260729T180721_int8_wo_9c184a,int8_weight_only,134,543.55884,543.59893,80.12698,79.4624,78.68016,78.7753,78.80909,2327.315,3942.0
20260729T180721_int8_wo_9c184a,int8_weight_only,135,561.02826,561.0711,80.97178,77.72877,77.64685,77.93664,80.20377,2327.315,3942.0
20260729T180721_int8_wo_9c184a,int8_weight_only,136,628.23865,628.27977,81.06905,79.34973,77.38976,77.48906,77.66937,2327.315,3942.0
20260729T180721_int8_wo_9c184a,int8_weight_only,137,583.95642,583.99548,88.91801,86.58944,85.57977,85.59309,85.46201,2327.315,3942.0
20260729T180721_int8_wo_9c184a,int8_weight_only,138,580.79883,580.8405,89.76998,86.62016,86.93565,84.5609,83.77549,2327.315,3942.0
20260729T180721_int8_wo_9c184a,int8_weight_only,139,562.27826,562.32014,99.16621,79.65082,78.09126,77.85472,77.77686,2327.315,3942.0
20260729T180721_int8_wo_9c184a,int8_weight_only,140,543.24188,543.28996,80.50278,77.46445,77.49632,76.47948,76.90867,2327.315,3942.0
20260729T180721_int8_wo_9c184a,int8_weight_only,141,541.10547,541.14359,79.27911,78.00435,78.03085,78.82854,78.37389,2327.315,3942.0
20260729T180721_int8_wo_9c184a,int8_weight_only,142,546.10706,546.14666,81.15095,78.7241,78.71181,78.49872,78.6217,2327.315,3942.0
20260729T180721_int8_wo_9c184a,int8_weight_only,143,543.25934,543.29977,80.11366,78.47527,77.3336,79.80749,80.35942,2327.315,3942.0
20260729T180721_int8_wo_9c184a,int8_weight_only,144,553.47345,553.5163,81.18681,81.62714,84.78003,81.06905,77.13895,2327.315,3942.0
20260729T180721_int8_wo_9c184a,int8_weight_only,145,547.1413,547.182,79.74605,80.14944,79.22675,80.69734,80.38605,2327.315,3942.0
20260729T180721_int8_wo_9c184a,int8_weight_only,146,585.94403,585.98307,82.83853,80.8448,82.03571,82.74227,82.39104,2327.315,3942.0
20260729T180721_int8_wo_9c184a,int8_weight_only,147,532.97223,533.01351,79.488,76.96281,76.91264,76.59724,77.27206,2327.315,3942.0
20260729T180721_int8_wo_9c184a,int8_weight_only,148,535.49506,535.54684,79.99488,77.77075,76.87988,77.14713,78.18137,2327.315,3942.0
20260729T180721_int8_wo_9c184a,int8_weight_only,149,606.55347,606.61407,80.24781,77.53728,77.76358,81.00455,80.80998,2327.315,3942.0
20260729T180721_int8_wo_9c184a,int8_weight_only,150,550.31067,550.35631,87.14342,78.89716,79.59344,78.24589,77.57824,2327.315,3942.0
20260729T180721_int8_wo_9c184a,int8_weight_only,151,536.9845,537.02645,80.40448,77.53933,76.88499,77.39392,77.15942,2327.315,3942.0
20260729T180721_int8_wo_9c184a,int8_weight_only,152,534.01752,534.05994,80.25382,77.0519,77.2905,77.27616,77.20653,2327.315,3942.0
20260729T180721_int8_wo_9c184a,int8_weight_only,153,564.24854,564.29063,86.20851,89.78439,81.46637,77.37856,81.31174,2327.315,3942.0
20260729T180721_int8_wo_9c184a,int8_weight_only,154,538.33093,538.37427,80.48537,77.32019,76.87782,78.72,77.01607,2327.315,3942.0
20260729T180721_int8_wo_9c184a,int8_weight_only,155,658.69476,658.73801,101.50912,99.16634,98.96653,99.95367,100.05094,2327.315,3942.0
20260729T180721_int8_wo_9c184a,int8_weight_only,156,643.9342,643.98128,100.48922,97.88825,97.75923,97.46749,97.61488,2327.315,3942.0
20260729T180721_int8_wo_9c184a,int8_weight_only,157,636.87225,636.91373,100.57933,100.63667,99.16508,90.87386,89.20781,2327.315,3942.0
20260729T180721_int8_wo_9c184a,int8_weight_only,158,535.01239,535.05401,79.91296,76.92698,76.79385,77.21267,78.04198,2327.315,3942.0
20260729T180721_int8_wo_9c184a,int8_weight_only,159,554.39038,554.4282,82.93171,81.42746,81.96096,78.81933,78.36057,2327.315,3942.0
20260729T180721_int8_wo_9c184a,int8_weight_only,160,543.2005,543.24452,79.91808,79.09683,79.75731,78.61658,78.32576,2327.315,3942.0
20260729T180721_int8_wo_9c184a,int8_weight_only,161,567.28436,567.33091,83.13959,79.74195,80.01434,89.03577,83.30342,2327.315,3942.0
20260729T180721_int8_wo_9c184a,int8_weight_only,162,538.29333,538.34063,79.48902,77.1287,77.04371,77.17068,76.73753,2327.315,3942.0
20260729T180721_int8_wo_9c184a,int8_weight_only,163,530.27319,530.31353,79.63853,76.99046,76.88294,76.96999,76.87578,2327.315,3942.0
20260729T180721_int8_wo_9c184a,int8_weight_only,164,540.53528,540.57827,80.72704,80.1198,80.75366,77.79328,77.65913,2327.315,3942.0
20260729T180721_int8_wo_9c184a,int8_weight_only,165,546.23822,546.27907,81.59846,80.57242,80.24064,76.76105,79.74294,2327.315,3942.0
20260729T180721_int8_wo_9c184a,int8_weight_only,166,578.60486,578.64565,79.70918,82.29786,92.5184,95.75629,81.92205,2327.315,3942.0
20260729T180721_int8_wo_9c184a,int8_weight_only,167,551.89355,551.93509,83.12525,80.91136,80.64819,80.66663,80.16794,2327.315,3942.0
20260729T180721_int8_wo_9c184a,int8_weight_only,168,530.42828,530.46813,78.9586,77.31405,77.18195,76.93731,77.33565,2327.315,3942.0
20260729T180721_int8_wo_9c184a,int8_weight_only,169,530.09344,530.13089,79.77062,77.07034,77.25452,77.15123,76.7744,2327.315,3942.0
20260729T180721_int8_wo_9c184a,int8_weight_only,170,548.28223,548.32279,79.76141,83.29114,80.82022,80.47514,79.90477,2327.315,3942.0
20260729T180721_int8_wo_9c184a,int8_weight_only,171,567.65515,567.69705,86.8782,82.64704,81.18989,81.16838,80.4649,2327.315,3942.0
20260729T180721_int8_wo_9c184a,int8_weight_only,172,550.20532,550.25693,79.69177,80.90419,82.16269,80.19968,81.41011,2327.315,3942.0
20260729T180721_int8_wo_9c184a,int8_weight_only,173,550.51068,550.55118,81.5144,80.8745,83.48355,79.0312,78.9504,2327.315,3942.0
20260729T180721_int8_wo_9c184a,int8_weight_only,174,559.42017,559.46196,79.03642,81.10284,81.61382,84.71245,86.5424,2327.315,3942.0
20260729T180721_int8_wo_9c184a,int8_weight_only,175,571.68176,571.7306,83.11706,81.48685,85.44563,77.80762,76.75277,2327.315,3942.0
20260729T180721_int8_wo_9c184a,int8_weight_only,176,536.63257,536.6703,78.84288,77.39904,77.31815,76.94237,77.01094,2327.315,3942.0
20260729T180721_int8_wo_9c184a,int8_weight_only,177,550.47357,550.51378,79.18694,79.20333,78.55616,79.07427,80.2048,2327.315,3942.0
20260729T180721_int8_wo_9c184a,int8_weight_only,178,560.95355,560.99201,86.64474,84.86093,81.32915,80.19661,79.5648,2327.315,3942.0
20260729T180721_int8_wo_9c184a,int8_weight_only,179,542.59033,542.63099,79.39993,79.78496,79.03642,79.49207,77.63456,2327.315,3942.0
20260729T180721_int8_wo_9c184a,int8_weight_only,180,573.41217,573.45301,85.69037,82.2272,84.04899,78.95264,78.2592,2327.315,3942.0
20260729T180721_int8_wo_9c184a,int8_weight_only,181,549.05505,549.09845,79.32519,84.44109,81.72032,80.28774,77.58029,2327.315,3942.0
20260729T180721_int8_wo_9c184a,int8_weight_only,182,542.27954,542.31918,78.93401,78.58688,79.26579,78.59712,78.29095,2327.315,3942.0
20260729T180721_int8_wo_9c184a,int8_weight_only,183,532.08209,532.12243,78.77734,77.11334,76.54093,76.92493,77.58643,2327.315,3942.0
20260729T180721_int8_wo_9c184a,int8_weight_only,184,586.58087,586.61902,79.4921,80.88269,102.66317,89.16377,82.41254,2327.315,3942.0
20260729T180721_int8_wo_9c184a,int8_weight_only,185,540.45697,540.49663,78.87872,78.03494,78.52237,80.0256,78.27456,2327.315,3942.0
20260729T180721_int8_wo_9c184a,int8_weight_only,186,537.35413,537.39353,78.98009,77.90582,77.6448,78.05344,78.7344,2327.315,3942.0
20260729T180721_int8_wo_9c184a,int8_weight_only,187,535.50269,535.545,79.68768,78.51213,77.67757,76.99354,76.72218,2327.315,3942.0
20260729T180721_int8_wo_9c184a,int8_weight_only,188,560.38452,560.42422,89.76588,85.64736,79.22791,78.62374,78.73434,2327.315,3942.0
20260729T180721_int8_wo_9c184a,int8_weight_only,189,543.97284,544.01262,79.91399,78.87667,78.23257,78.42201,79.00678,2327.315,3942.0
20260729T180721_int8_wo_9c184a,int8_weight_only,190,537.97351,538.01487,79.14189,78.65856,77.93254,78.44154,77.63872,2327.315,3942.0
20260729T180721_int8_wo_9c184a,int8_weight_only,191,540.15503,540.19473,79.30982,78.58893,78.75891,78.81011,78.42201,2327.315,3942.0
20260729T180721_int8_wo_9c184a,int8_weight_only,192,537.22546,537.26635,78.88998,77.02928,77.27405,77.71751,81.36909,2327.315,3942.0
20260729T180721_int8_wo_9c184a,int8_weight_only,193,560.54645,560.5882,79.51251,85.36884,87.24685,82.51891,78.3401,2327.315,3942.0
20260729T180721_int8_wo_9c184a,int8_weight_only,194,540.40625,540.44727,78.96166,78.55002,78.47731,78.50701,78.57869,2327.315,3942.0
20260729T180721_int8_wo_9c184a,int8_weight_only,195,543.76239,543.80313,79.23917,79.06608,78.93401,78.83264,80.67277,2327.315,3942.0
20260729T180721_int8_wo_9c184a,int8_weight_only,196,544.14551,544.18504,80.3369,79.19308,79.09578,79.11834,79.26067,2327.315,3942.0
20260729T180721_int8_wo_9c184a,int8_weight_only,197,554.48975,554.53163,79.45011,80.84275,88.57497,79.36512,78.15885,2327.315,3942.0
20260729T180721_int8_wo_9c184a,int8_weight_only,198,588.58337,588.62092,79.96723,77.67565,77.14816,77.72057,77.42361,2327.315,3942.0
20260729T180721_int8_wo_9c184a,int8_weight_only,199,535.33527,535.37536,79.96416,78.48346,77.93459,77.73798,78.10867,2327.315,3942.0
20260729T181234_int8_w8a8_9d8d21,int8_backbone,0,2484.6189,2484.62387,467.65979,465.89539,465.45306,467.32391,468.27112,2323.752,3700.0
20260729T181234_int8_w8a8_9d8d21,int8_backbone,1,2759.16235,2759.17393,582.67749,491.35822,476.91467,491.37256,469.48044,2323.752,3700.0
20260729T181234_int8_w8a8_9d8d21,int8_backbone,2,2573.42383,2573.60652,473.4606,469.52139,481.95688,475.19232,505.30191,2323.752,3700.0
20260729T181234_int8_w8a8_9d8d21,int8_backbone,3,2527.08618,2527.28524,478.31143,473.60205,468.15741,473.96558,475.43195,2323.752,3700.0
20260729T181234_int8_w8a8_9d8d21,int8_backbone,4,2515.4248,2515.63596,472.04456,466.00909,467.2215,473.28864,478.86951,2323.752,3700.0
20260729T181234_int8_w8a8_9d8d21,int8_backbone,5,2651.28418,2651.48077,479.40302,477.2352,477.68051,476.70477,482.04895,2323.752,3700.0
20260729T181234_int8_w8a8_9d8d21,int8_backbone,6,2518.46973,2518.6327,464.63898,464.19559,467.05139,476.06076,468.56192,2323.752,3700.0
20260729T181234_int8_w8a8_9d8d21,int8_backbone,7,2569.04761,2569.08589,469.46713,475.81696,484.35199,470.1778,470.26688,2323.752,3700.0
20260729T181234_int8_w8a8_9d8d21,int8_backbone,8,2536.92847,2537.09464,477.95917,474.41614,469.26651,476.75381,479.48392,2323.752,3700.0
20260729T181234_int8_w8a8_9d8d21,int8_backbone,9,2513.06519,2513.10415,467.69763,468.3858,466.40231,467.77652,467.64236,2323.752,3700.0
20260729T181234_int8_w8a8_9d8d21,int8_backbone,10,2493.84863,2494.01625,466.35214,464.87552,473.87747,465.8678,469.2439,2323.752,3700.0
20260729T181234_int8_w8a8_9d8d21,int8_backbone,11,2527.81934,2527.84874,468.87732,469.61972,471.88379,477.56796,477.96121,2323.752,3700.0
20260729T181234_int8_w8a8_9d8d21,int8_backbone,12,2531.39844,2531.55877,482.22412,475.37048,466.42075,469.64325,475.008,2323.752,3700.0
20260729T181234_int8_w8a8_9d8d21,int8_backbone,13,2527.22217,2527.25527,469.24594,468.83228,472.00458,466.54465,475.13089,2323.752,3700.0
20260729T181234_int8_w8a8_9d8d21,int8_backbone,14,2492.76562,2492.76913,465.18683,468.95615,464.10342,470.35187,468.9541,2323.752,3700.0
20260729T181234_int8_w8a8_9d8d21,int8_backbone,15,2502.05176,2502.22294,473.0798,465.73361,466.42484,470.96933,471.60223,2323.752,3700.0
20260729T181234_int8_w8a8_9d8d21,int8_backbone,16,2496.07153,2496.10796,466.26099,468.4082,467.13651,467.40479,470.98062,2323.752,3700.0
20260729T181234_int8_w8a8_9d8d21,int8_backbone,17,2484.7395,2484.74207,464.74957,468.5864,464.9595,467.74066,466.53448,2323.752,3700.0
20260729T181234_int8_w8a8_9d8d21,int8_backbone,18,2483.35571,2483.35901,465.77255,463.68051,468.4462,465.51962,470.60992,2323.752,3700.0
20260729T181234_int8_w8a8_9d8d21,int8_backbone,19,2510.396,2510.55938,472.54938,467.26657,472.16742,468.95105,469.53473,2323.752,3700.0
20260729T181234_int8_w8a8_9d8d21,int8_backbone,20,2513.30542,2513.30986,467.99976,464.57138,469.35449,464.9216,469.92691,2323.752,3700.0
20260729T181234_int8_w8a8_9d8d21,int8_backbone,21,2485.91675,2485.92325,467.27884,466.56512,464.96973,468.00998,466.62451,2323.752,3700.0
20260729T181234_int8_w8a8_9d8d21,int8_backbone,22,2487.65967,2487.66089,468.12366,463.90988,467.95584,463.76755,467.11295,2323.752,3700.0
20260729T181234_int8_w8a8_9d8d21,int8_backbone,23,2489.89868,2489.92822,466.17908,465.43768,472.88934,464.46695,469.46405,2323.752,3700.0
20260729T181234_int8_w8a8_9d8d21,int8_backbone,24,2479.27881,2479.28431,464.58264,466.82516,464.33688,467.44781,465.07928,2323.752,3700.0
20260729T181234_int8_w8a8_9d8d21,int8_backbone,25,2496.78491,2496.96086,467.43146,468.57626,470.77991,463.68039,470.33957,2323.752,3700.0
20260729T181234_int8_w8a8_9d8d21,int8_backbone,26,2542.31787,2542.34679,467.51538,469.30023,466.58356,476.629,479.5054,2323.752,3700.0
20260729T181234_int8_w8a8_9d8d21,int8_backbone,27,2616.9502,2616.95567,477.71545,474.32916,504.3927,532.9234,474.44785,2323.752,3700.0
20260729T181234_int8_w8a8_9d8d21,int8_backbone,28,2556.10278,2556.10795,470.64984,504.94772,469.47736,474.05252,472.31284,2323.752,3700.0
20260729T181234_int8_w8a8_9d8d21,int8_backbone,29,2519.2749,2519.28931,472.41016,472.06091,481.836,469.88904,468.61313,2323.752,3700.0
20260729T181234_int8_w8a8_9d8d21,int8_backbone,30,2495.37891,2495.38307,468.5394,466.29581,473.38699,468.42368,469.80505,2323.752,3700.0
20260729T181234_int8_w8a8_9d8d21,int8_backbone,31,2548.00635,2548.00791,466.63062,471.17105,466.21899,469.25928,472.24014,2323.752,3700.0
20260729T181234_int8_w8a8_9d8d21,int8_backbone,32,2509.9314,2510.10067,481.23904,466.66849,468.04993,466.70337,471.76398,2323.752,3700.0
20260729T181234_int8_w8a8_9d8d21,int8_backbone,33,2547.05713,2547.07422,474.90866,470.97855,469.03192,469.79788,469.40057,2323.752,3700.0
20260729T181234_int8_w8a8_9d8d21,int8_backbone,34,2515.59521,2515.60013,472.02612,469.58286,470.67749,466.133,471.59091,2323.752,3700.0
20260729T181234_int8_w8a8_9d8d21,int8_backbone,35,2501.95776,2501.9687,467.03308,473.70035,465.01477,469.78253,476.19989,2323.752,3700.0
20260729T181234_int8_w8a8_9d8d21,int8_backbone,36,2510.27466,2510.29721,480.50073,467.75092,469.21729,468.40012,472.02509,2323.752,3700.0
20260729T181234_int8_w8a8_9d8d21,int8_backbone,37,2496.30103,2496.30575,467.36282,470.36621,466.06235,468.94901,468.15436,2323.752,3700.0
20260729T181234_int8_w8a8_9d8d21,int8_backbone,38,2535.18286,2535.19944,470.77786,469.21524,471.20999,467.20816,469.44562,2323.752,3700.0
20260729T181234_int8_w8a8_9d8d21,int8_backbone,39,2523.36084,2523.36816,468.16357,468.34482,471.0267,477.87213,478.35245,2323.752,3700.0
20260729T181234_int8_w8a8_9d8d21,int8_backbone,40,2564.36938,2564.37446,479.30881,482.54968,483.16928,492.69147,470.69183,2323.752,3700.0
20260729T181234_int8_w8a8_9d8d21,int8_backbone,41,2575.73804,2575.91355,482.37671,489.92358,478.67288,486.35086,481.4418,2323.752,3700.0
20260729T181234_int8_w8a8_9d8d21,int8_backbone,42,2579.75391,2579.76661,487.84174,492.56039,484.80972,485.45996,472.36609,2323.752,3700.0
20260729T181234_int8_w8a8_9d8d21,int8_backbone,43,2524.09521,2524.12183,474.6752,483.754,467.38431,472.53812,471.53964,2323.752,3700.0
20260729T181234_int8_w8a8_9d8d21,int8_backbone,44,2516.39966,2516.40411,470.33459,468.77081,468.62643,470.83521,483.30548,2323.752,3700.0
20260729T181234_int8_w8a8_9d8d21,int8_backbone,45,2518.40796,2518.41104,477.9776,477.95712,469.81119,471.1004,471.34616,2323.752,3700.0
20260729T181234_int8_w8a8_9d8d21,int8_backbone,46,2588.43921,2588.45754,501.1282,502.47681,466.12891,470.10919,473.29584,2323.752,3700.0
20260729T181234_int8_w8a8_9d8d21,int8_backbone,47,2537.61377,2537.61816,474.47348,487.89819,472.72449,470.12762,478.82648,2323.752,3700.0
20260729T181234_int8_w8a8_9d8d21,int8_backbone,48,2528.82959,2529.03168,473.43207,477.26276,470.52493,483.8226,470.98776,2323.752,3700.0
20260729T181234_int8_w8a8_9d8d21,int8_backbone,49,2503.26367,2503.26991,467.94855,464.41882,468.33255,465.22778,470.73679,2323.752,3700.0
20260729T181234_int8_w8a8_9d8d21,int8_backbone,50,2509.76221,2509.76591,466.10748,464.90009,467.26962,471.22125,469.33606,2323.752,3700.0
20260729T181234_int8_w8a8_9d8d21,int8_backbone,51,2544.76343,2544.9568,475.26401,477.70932,475.91321,474.99365,481.77356,2323.752,3700.0
20260729T181234_int8_w8a8_9d8d21,int8_backbone,52,2661.33472,2661.53165,470.78503,471.60013,468.20761,475.0899,475.00903,2323.752,3700.0
20260729T181234_int8_w8a8_9d8d21,int8_backbone,53,2543.69971,2543.89592,472.28412,473.07672,468.01202,497.09055,474.51239,2323.752,3700.0
20260729T181234_int8_w8a8_9d8d21,int8_backbone,54,2580.6958,2580.73448,482.06644,483.77344,490.26968,482.7648,474.86679,2323.752,3700.0
20260729T181234_int8_w8a8_9d8d21,int8_backbone,55,2518.33911,2518.50755,464.53351,472.49304,481.15302,476.83685,465.79608,2323.752,3700.0
20260729T181234_int8_w8a8_9d8d21,int8_backbone,56,2497.13306,2497.13908,468.35815,464.63898,467.19589,471.83154,469.5726,2323.752,3700.0
20260729T181234_int8_w8a8_9d8d21,int8_backbone,57,2490.65161,2490.6576,465.72748,471.54892,465.12231,474.23999,466.15552,2323.752,3700.0
20260729T181234_int8_w8a8_9d8d21,int8_backbone,58,2523.10132,2523.14139,483.89429,471.26736,476.50101,468.20761,476.21844,2323.752,3700.0
20260729T181234_int8_w8a8_9d8d21,int8_backbone,59,2517.76001,2517.93238,465.62918,467.72122,469.65659,475.89273,487.28781,2323.752,3700.0
20260729T181234_int8_w8a8_9d8d21,int8_backbone,60,2609.61768,2609.65442,474.65881,496.66458,486.62009,480.36557,511.17365,2323.752,3700.0
20260729T181234_int8_w8a8_9d8d21,int8_backbone,61,2547.50659,2547.67346,487.59604,468.07245,476.5224,475.39609,489.55188,2323.752,3700.0
20260729T181234_int8_w8a8_9d8d21,int8_backbone,62,2509.98071,2510.01922,470.05798,478.21518,470.56281,467.82977,468.88654,2323.752,3700.0
20260729T181234_int8_w8a8_9d8d21,int8_backbone,63,2526.6145,2526.62416,476.75803,470.42355,477.44513,474.76328,476.71399,2323.752,3700.0
20260729T181234_int8_w8a8_9d8d21,int8_backbone,64,2536.448,2536.62076,477.68158,481.46741,481.52576,473.45456,469.74054,2323.752,3700.0
20260729T181234_int8_w8a8_9d8d21,int8_backbone,65,2527.40454,2527.41185,471.57352,473.77496,476.06671,473.21497,474.01166,2323.752,3700.0
20260729T181234_int8_w8a8_9d8d21,int8_backbone,66,2542.68652,2542.71662,471.12704,473.77716,483.20306,485.78149,478.66873,2323.752,3700.0
20260729T181234_int8_w8a8_9d8d21,int8_backbone,67,2530.2356,2530.24854,470.741,473.48532,471.34824,471.82336,491.46484,2323.752,3700.0
20260729T181234_int8_w8a8_9d8d21,int8_backbone,68,2550.56372,2550.58319,479.22073,476.50815,471.92065,480.36249,479.9191,2323.752,3700.0
20260729T181234_int8_w8a8_9d8d21,int8_backbone,69,2493.23193,2493.39822,462.40051,464.89804,468.67865,469.11078,469.63516,2323.752,3700.0
20260729T181234_int8_w8a8_9d8d21,int8_backbone,70,2539.84351,2539.88307,483.71506,470.18597,474.7244,471.75986,477.6745,2323.752,3700.0
20260729T181234_int8_w8a8_9d8d21,int8_backbone,71,2565.07422,2565.0838,483.414,475.63367,469.41901,483.50821,500.71552,2323.752,3700.0
20260729T181234_int8_w8a8_9d8d21,int8_backbone,72,2520.96143,2521.12703,468.85172,466.45657,469.88092,485.14456,477.52493,2323.752,3700.0
20260729T181234_int8_w8a8_9d8d21,int8_backbone,73,2502.60913,2502.62589,472.38757,465.5831,466.01721,463.2709,484.90497,2323.752,3700.0
20260729T181234_int8_w8a8_9d8d21,int8_backbone,74,2478.48901,2478.49722,464.58981,465.32504,462.9801,464.45258,466.75455,2323.752,3700.0
20260729T181234_int8_w8a8_9d8d21,int8_backbone,75,2479.90356,2479.91911,464.91956,465.44589,465.56262,463.80341,468.78925,2323.752,3700.0
20260729T181234_int8_w8a8_9d8d21,int8_backbone,76,2537.33984,2537.37586,471.15469,472.30771,470.94476,471.57965,499.52155,2323.752,3700.0
20260729T181234_int8_w8a8_9d8d21,int8_backbone,77,2521.69287,2521.70065,474.61682,465.10593,465.20422,475.2005,488.35175,2323.752,3700.0
20260729T181234_int8_w8a8_9d8d21,int8_backbone,78,2481.1792,2481.18799,466.34393,464.86435,468.06842,466.66956,466.45151,2323.752,3700.0
20260729T181234_int8_w8a8_9d8d21,int8_backbone,79,2565.39893,2565.59619,477.6745,477.00992,476.53171,473.33478,476.19284,2323.752,3700.0
20260729T181234_int8_w8a8_9d8d21,int8_backbone,80,2493.85498,2493.87572,466.27841,469.32584,466.08179,467.21536,467.8656,2323.752,3700.0
20260729T181234_int8_w8a8_9d8d21,int8_backbone,81,2517.66602,2517.67566,471.22729,472.82074,469.99142,476.45389,475.49646,2323.752,3700.0
20260729T181234_int8_w8a8_9d8d21,int8_backbone,82,2490.375,2490.38296,473.11975,471.26016,465.80429,463.40915,466.15756,2323.752,3700.0
20260729T181234_int8_w8a8_9d8d21,int8_backbone,83,2493.57056,2493.5982,466.1217,464.76288,463.98669,465.65683,467.84921,2323.752,3700.0
20260729T181234_int8_w8a8_9d8d21,int8_backbone,84,2561.47681,2561.48423,463.77472,465.36603,470.36929,468.83221,468.56705,2323.752,3700.0
20260729T181234_int8_w8a8_9d8d21,int8_backbone,85,2511.85327,2511.8892,463.95801,468.87833,473.46689,476.87476,474.78067,2323.752,3700.0
20260729T181234_int8_w8a8_9d8d21,int8_backbone,86,2549.34351,2549.35949,477.02835,475.18106,473.16684,472.77866,474.1499,2323.752,3700.0
20260729T181234_int8_w8a8_9d8d21,int8_backbone,87,2532.7478,2532.9083,470.65497,470.04672,463.9364,465.98758,471.19669,2323.752,3700.0
20260729T181234_int8_w8a8_9d8d21,int8_backbone,88,2588.20166,2588.2139,462.56232,464.32666,464.96973,473.72391,477.21164,2323.752,3700.0
20260729T181234_int8_w8a8_9d8d21,int8_backbone,89,2578.17407,2578.18,464.78336,466.13608,465.5401,475.30188,470.29044,2323.752,3700.0
20260729T181234_int8_w8a8_9d8d21,int8_backbone,90,2535.33228,2535.34492,466.75558,477.47073,480.57138,467.33209,476.72217,2323.752,3700.0
20260729T181234_int8_w8a8_9d8d21,int8_backbone,91,2511.34375,2511.34916,468.25372,466.72485,468.75443,467.23276,478.83878,2323.752,3700.0
20260729T181234_int8_w8a8_9d8d21,int8_backbone,92,2494.10718,2494.14287,470.25458,465.26465,465.6937,468.35403,467.13754,2323.752,3700.0
20260729T181234_int8_w8a8_9d8d21,int8_backbone,93,2513.42651,2513.4344,464.63693,469.36679,464.20581,468.07553,474.75406,2323.752,3700.0
20260729T181234_int8_w8a8_9d8d21,int8_backbone,94,2588.3562,2588.36463,473.52316,467.86877,483.34335,469.66476,470.272,2323.752,3700.0
20260729T181234_int8_w8a8_9d8d21,int8_backbone,95,2513.88574,2513.8983,467.20819,465.67322,465.97018,483.12833,477.42065,2323.752,3700.0
20260729T181234_int8_w8a8_9d8d21,int8_backbone,96,2521.75366,2521.76588,470.40103,474.94553,472.81766,471.83258,477.46866,2323.752,3700.0
20260729T181234_int8_w8a8_9d8d21,int8_backbone,97,2509.57397,2509.58325,464.36752,471.79672,466.87231,473.29587,475.12781,2323.752,3700.0
20260729T181234_int8_w8a8_9d8d21,int8_backbone,98,2562.41138,2562.42171,475.72174,466.16165,466.15244,466.43405,468.16986,2323.752,3700.0
20260729T181234_int8_w8a8_9d8d21,int8_backbone,99,2497.5249,2497.69814,464.89703,467.883,466.81702,474.66394,470.81677,2323.752,3700.0
20260729T181234_int8_w8a8_9d8d21,int8_backbone,100,2524.87964,2524.89942,483.09042,468.75647,474.5257,473.93176,472.21249,2323.752,3700.0
20260729T181234_int8_w8a8_9d8d21,int8_backbone,101,2511.37329,2511.38332,464.96255,465.88519,467.22867,475.14722,474.72031,2323.752,3700.0
20260729T181234_int8_w8a8_9d8d21,int8_backbone,102,2542.64673,2542.65687,468.13492,467.37,467.55429,468.86194,474.2912,2323.752,3700.0
20260729T181234_int8_w8a8_9d8d21,int8_backbone,103,2511.76318,2511.77363,465.60767,468.10114,473.60513,474.23282,474.96909,2323.752,3700.0
20260729T181234_int8_w8a8_9d8d21,int8_backbone,104,2497.11743,2497.12996,474.90356,466.22003,467.90042,465.46527,467.16824,2323.752,3700.0
20260729T181234_int8_w8a8_9d8d21,int8_backbone,105,2490.06543,2490.07886,466.78528,467.86243,465.70496,465.71008,472.83911,2323.752,3700.0
20260729T181234_int8_w8a8_9d8d21,int8_backbone,106,2499.79907,2499.81162,466.38797,475.52411,468.1134,469.61664,469.40979,2323.752,3700.0
20260729T181234_int8_w8a8_9d8d21,int8_backbone,107,2642.63184,2642.64965,467.56454,466.35822,467.65363,472.88831,478.88077,2323.752,3700.0
20260729T181234_int8_w8a8_9d8d21,int8_backbone,108,2511.00464,2511.01541,472.95078,467.11295,464.68909,464.06451,470.5188,2323.752,3700.0
20260729T181234_int8_w8a8_9d8d21,int8_backbone,109,2484.05542,2484.06542,463.79419,469.35654,465.70911,468.42676,467.18668,2323.752,3700.0
20260729T181234_int8_w8a8_9d8d21,int8_backbone,110,2491.30713,2491.31909,465.87189,464.92987,469.52551,467.56454,472.95694,2323.752,3700.0
20260729T181234_int8_w8a8_9d8d21,int8_backbone,111,2508.84351,2508.85421,469.73849,475.28653,468.61517,468.37555,476.30441,2323.752,3700.0
20260729T181234_int8_w8a8_9d8d21,int8_backbone,112,2527.58594,2527.59957,472.2821,471.88779,474.76633,474.64551,480.68616,2323.752,3700.0
20260729T181234_int8_w8a8_9d8d21,int8_backbone,113,2493.9834,2493.99309,475.60294,464.18433,463.88632,473.84576,465.23495,2323.752,3700.0
20260729T181234_int8_w8a8_9d8d21,int8_backbone,114,2474.09546,2474.10579,463.31598,466.41766,462.87863,463.7287,467.65158,2323.752,3700.0
20260729T181234_int8_w8a8_9d8d21,int8_backbone,115,2483.57373,2483.58577,463.91809,463.88019,466.41254,469.7774,470.45938,2323.752,3700.0
20260729T181234_int8_w8a8_9d8d21,int8_backbone,116,2489.30884,2489.31943,471.07788,466.65524,465.37933,467.21024,468.11136,2323.752,3700.0
20260729T181234_int8_w8a8_9d8d21,int8_backbone,117,2484.47314,2484.48281,463.53818,469.74771,465.03732,466.83032,469.10464,2323.752,3700.0
20260729T181234_int8_w8a8_9d8d21,int8_backbone,118,2489.7561,2489.7658,466.54361,469.98529,468.52505,464.35022,469.50092,2323.752,3700.0
20260729T181234_int8_w8a8_9d8d21,int8_backbone,119,2487.80054,2487.81963,466.84152,466.85388,464.18637,470.80756,468.22809,2323.752,3700.0
20260729T181234_int8_w8a8_9d8d21,int8_backbone,120,2495.8606,2495.87551,473.50989,467.20511,463.40903,471.42093,469.48456,2323.752,3700.0
20260729T181234_int8_w8a8_9d8d21,int8_backbone,121,2495.69824,2495.70848,470.98776,466.26715,474.25946,466.83853,467.22766,2323.752,3700.0
20260729T181234_int8_w8a8_9d8d21,int8_backbone,122,2477.7085,2477.71851,468.30795,463.07635,465.14484,466.88153,466.31937,2323.752,3700.0
20260729T181234_int8_w8a8_9d8d21,int8_backbone,123,2495.98682,2495.99543,466.11969,474.03314,466.80167,465.75717,471.39224,2323.752,3700.0
20260729T181234_int8_w8a8_9d8d21,int8_backbone,124,2482.27563,2482.28572,464.30618,463.70612,464.07474,468.72678,471.27246,2323.752,3700.0
20260729T181234_int8_w8a8_9d8d21,int8_backbone,125,2488.77661,2488.79255,466.37363,465.95993,465.19809,468.51071,472.08652,2323.752,3700.0
20260729T181234_int8_w8a8_9d8d21,int8_backbone,126,2506.73267,2506.74287,463.34158,464.13312,464.06552,464.0983,465.86472,2323.752,3700.0
20260729T181234_int8_w8a8_9d8d21,int8_backbone,127,2468.85278,2468.86539,464.12698,464.21606,462.46298,463.86789,466.71262,2323.752,3700.0
20260729T181234_int8_w8a8_9d8d21,int8_backbone,128,2473.4751,2473.4857,464.49765,465.02194,466.16071,463.60165,466.34293,2323.752,3700.0
20260729T181234_int8_w8a8_9d8d21,int8_backbone,129,2473.94434,2473.96556,463.5863,465.42029,462.5275,464.82013,469.56851,2323.752,3700.0
20260729T181234_int8_w8a8_9d8d21,int8_backbone,130,2495.54639,2495.56545,463.42447,463.53714,462.56741,465.09671,468.90701,2323.752,3700.0
20260729T181234_int8_w8a8_9d8d21,int8_backbone,131,2575.07764,2575.09842,473.55597,472.58725,468.59161,475.7637,475.11655,2323.752,3700.0
20260729T181234_int8_w8a8_9d8d21,int8_backbone,132,2512.46289,2512.48068,471.9534,476.38629,471.08197,466.09921,474.29733,2323.752,3700.0
20260729T181234_int8_w8a8_9d8d21,int8_backbone,133,2546.0,2546.04909,479.18491,474.97522,468.81793,472.52686,466.80884,2323.752,3700.0
20260729T181234_int8_w8a8_9d8d21,int8_backbone,134,2499.03076,2499.04217,467.28397,467.14368,468.61108,476.19687,473.41364,2323.752,3700.0
20260729T181234_int8_w8a8_9d8d21,int8_backbone,135,2503.51953,2503.53237,469.30228,470.14902,472.82892,470.28735,472.37634,2323.752,3700.0
20260729T181234_int8_w8a8_9d8d21,int8_backbone,136,2477.5647,2477.57686,466.08792,467.24097,464.09729,465.53085,467.74066,2323.752,3700.0
20260729T181234_int8_w8a8_9d8d21,int8_backbone,137,2533.4812,2533.49215,478.53259,469.82962,467.35565,478.77426,491.06943,2323.752,3700.0
20260729T181234_int8_w8a8_9d8d21,int8_backbone,138,2519.04102,2519.05276,471.88275,469.93817,471.02875,473.80685,477.50964,2323.752,3700.0
20260729T181234_int8_w8a8_9d8d21,int8_backbone,139,2521.37793,2521.55772,473.85599,469.90131,482.4841,468.61108,469.07187,2323.752,3700.0
20260729T181234_int8_w8a8_9d8d21,int8_backbone,140,2498.01001,2498.02548,473.77512,466.15961,466.04187,468.30795,472.0896,2323.752,3700.0
20260729T181234_int8_w8a8_9d8d21,int8_backbone,141,2520.38525,2520.40677,466.92557,480.10239,476.24487,475.97672,471.06354,2323.752,3700.0
20260729T181234_int8_w8a8_9d8d21,int8_backbone,142,2538.35449,2538.36681,475.15033,468.34586,470.44916,473.14124,473.09824,2323.752,3700.0
20260729T181234_int8_w8a8_9d8d21,int8_backbone,143,2530.59497,2530.60907,474.98035,476.6546,473.39017,477.23929,477.50452,2323.752,3700.0
20260729T181234_int8_w8a8_9d8d21,int8_backbone,144,2494.22534,2494.23913,465.17862,464.67892,471.28677,463.59244,466.44122,2323.752,3700.0
20260729T181234_int8_w8a8_9d8d21,int8_backbone,145,2483.88623,2483.9022,464.29913,464.11264,463.16135,469.69345,472.23093,2323.752,3700.0
20260729T181234_int8_w8a8_9d8d21,int8_backbone,146,2491.62256,2491.63489,467.6311,469.63199,463.24838,466.49857,473.34808,2323.752,3700.0
20260729T181234_int8_w8a8_9d8d21,int8_backbone,147,2476.83179,2476.87866,465.30042,463.40097,464.61951,465.39572,467.03207,2323.752,3700.0
20260729T181234_int8_w8a8_9d8d21,int8_backbone,148,2488.18726,2488.19844,464.21915,463.91092,465.92206,470.34573,472.63437,2323.752,3700.0
20260729T181234_int8_w8a8_9d8d21,int8_backbone,149,2490.43652,2490.44969,465.88211,464.67892,464.51508,465.96909,467.29422,2323.752,3700.0
20260729T181234_int8_w8a8_9d8d21,int8_backbone,150,2539.70825,2539.72283,476.22552,470.89459,467.64545,468.95514,472.37119,2323.752,3700.0
20260729T181234_int8_w8a8_9d8d21,int8_backbone,151,2565.49341,2565.50634,465.11719,463.60165,471.0574,467.10477,468.34177,2323.752,3700.0
20260729T181234_int8_w8a8_9d8d21,int8_backbone,152,2564.28955,2564.30019,468.21683,467.87585,474.56979,474.7735,472.79105,2323.752,3700.0
20260729T181234_int8_w8a8_9d8d21,int8_backbone,153,2496.89746,2497.07203,467.11713,468.90802,469.04306,467.16315,472.91803,2323.752,3700.0
20260729T181234_int8_w8a8_9d8d21,int8_backbone,154,2486.93921,2486.95188,467.05768,465.4592,465.63531,468.3356,469.48352,2323.752,3700.0
20260729T181234_int8_w8a8_9d8d21,int8_backbone,155,2503.94141,2503.96284,467.37817,468.7749,471.91962,472.56677,470.91507,2323.752,3700.0
20260729T181234_int8_w8a8_9d8d21,int8_backbone,156,2568.9646,2568.97895,466.50378,473.62445,465.32199,468.03558,472.18893,2323.752,3700.0
20260729T181234_int8_w8a8_9d8d21,int8_backbone,157,2564.75757,2564.77365,473.62457,471.16904,482.17703,479.03336,479.16754,2323.752,3700.0
20260729T181234_int8_w8a8_9d8d21,int8_backbone,158,2536.43311,2536.4488,474.3895,484.0191,475.13293,483.78061,469.65247,2323.752,3700.0
20260729T181234_int8_w8a8_9d8d21,int8_backbone,159,2499.63184,2499.64539,473.58868,469.38727,469.42719,467.22049,469.19681,2323.752,3700.0
20260729T181234_int8_w8a8_9d8d21,int8_backbone,160,2517.7041,2517.72085,469.18564,473.08389,471.51822,472.81049,478.65857,2323.752,3700.0
20260729T181234_int8_w8a8_9d8d21,int8_backbone,161,2539.78149,2539.79357,481.14279,475.49646,476.72421,481.37317,474.21234,2323.752,3700.0
20260729T181234_int8_w8a8_9d8d21,int8_backbone,162,2495.09399,2495.10713,470.09485,468.50354,466.47604,467.71518,470.30887,2323.752,3700.0
20260729T181234_int8_w8a8_9d8d21,int8_backbone,163,2497.23608,2497.24967,471.3851,472.42035,471.15366,465.07623,467.94342,2323.752,3700.0
20260729T181234_int8_w8a8_9d8d21,int8_backbone,164,2517.80762,2517.8202,473.86111,473.04703,470.68262,475.30292,474.08435,2323.752,3700.0
20260729T181234_int8_w8a8_9d8d21,int8_backbone,165,2496.55884,2496.57354,465.88107,468.54861,465.4704,474.44684,474.11096,2323.752,3700.0
20260729T181234_int8_w8a8_9d8d21,int8_backbone,166,2481.41333,2481.4286,465.03732,465.45612,467.06482,466.07565,467.40076,2323.752,3700.0
20260729T181234_int8_w8a8_9d8d21,int8_backbone,167,2483.57007,2483.58212,468.03967,468.35403,465.49197,465.9845,466.87131,2323.752,3700.0
20260729T181234_int8_w8a8_9d8d21,int8_backbone,168,2490.31323,2490.32571,465.20731,467.45499,465.1264,465.65375,476.24295,2323.752,3700.0
20260729T181234_int8_w8a8_9d8d21,int8_backbone,169,2480.31274,2480.32606,465.54218,465.49606,467.20001,465.11008,467.59116,2323.752,3700.0
20260729T181234_int8_w8a8_9d8d21,int8_backbone,170,2507.17651,2507.19035,469.88391,473.4126,471.73428,473.71777,468.0192,2323.752,3700.0
20260729T181234_int8_w8a8_9d8d21,int8_backbone,171,2493.16333,2493.18102,467.53793,468.2496,468.06836,467.29523,472.11621,2323.752,3700.0
20260729T181234_int8_w8a8_9d8d21,int8_backbone,172,2510.97144,2510.99026,474.69162,470.75226,481.78073,465.69266,468.24139,2323.752,3700.0
20260729T181234_int8_w8a8_9d8d21,int8_backbone,173,2506.75146,2506.76448,478.1691,465.40903,465.65479,473.18527,476.17944,2323.752,3700.0
20260729T181234_int8_w8a8_9d8d21,int8_backbone,174,2504.97314,2504.98734,467.19897,476.36993,468.19943,464.15359,473.16992,2323.752,3700.0
20260729T181234_int8_w8a8_9d8d21,int8_backbone,175,2490.89282,2490.9071,471.52319,465.29843,471.0697,467.46725,466.75662,2323.752,3700.0
20260729T181234_int8_w8a8_9d8d21,int8_backbone,176,2528.63379,2528.64586,473.40646,474.89536,472.95078,475.76575,480.63693,2323.752,3700.0
20260729T181234_int8_w8a8_9d8d21,int8_backbone,177,2519.46851,2519.48124,472.78183,474.07513,474.67212,471.4281,476.86554,2323.752,3700.0
20260729T181234_int8_w8a8_9d8d21,int8_backbone,178,2522.09937,2522.11362,472.97946,472.31693,473.70752,474.23694,477.30075,2323.752,3700.0
20260729T181234_int8_w8a8_9d8d21,int8_backbone,179,2535.07886,2535.09386,479.9324,477.13586,475.43497,474.56857,476.22861,2323.752,3700.0
20260729T181234_int8_w8a8_9d8d21,int8_backbone,180,2534.76221,2534.77758,474.20212,474.39667,476.88293,480.33179,478.79779,2323.752,3700.0
20260729T181234_int8_w8a8_9d8d21,int8_backbone,181,2535.86108,2535.88422,473.60422,484.21677,470.741,477.61511,476.48257,2323.752,3700.0
20260729T181234_int8_w8a8_9d8d21,int8_backbone,182,2546.06348,2546.08133,476.11182,472.54324,482.76276,484.60696,478.01855,2323.752,3700.0
20260729T181234_int8_w8a8_9d8d21,int8_backbone,183,2505.44165,2505.45777,472.67123,471.69843,465.74799,470.24033,475.96851,2323.752,3700.0
20260729T181234_int8_w8a8_9d8d21,int8_backbone,184,2504.52783,2504.54025,478.37799,471.67273,466.97983,466.44839,469.45178,2323.752,3700.0
20260729T181234_int8_w8a8_9d8d21,int8_backbone,185,2488.79907,2488.81337,469.43637,466.57843,466.34393,468.49127,469.21524,2323.752,3700.0
20260729T181234_int8_w8a8_9d8d21,int8_backbone,186,2514.63989,2514.65477,473.95737,478.18958,465.43668,470.20032,474.68024,2323.752,3700.0
20260729T181234_int8_w8a8_9d8d21,int8_backbone,187,2521.56226,2521.57517,469.10977,481.16736,476.73138,470.45221,473.12589,2323.752,3700.0
20260729T181234_int8_w8a8_9d8d21,int8_backbone,188,2485.86499,2485.88089,468.71664,465.60461,467.98029,466.94092,466.22003,2323.752,3700.0
20260729T181234_int8_w8a8_9d8d21,int8_backbone,189,2496.5625,2496.57696,465.47559,470.81473,476.19891,464.87039,468.33356,2323.752,3700.0
20260729T181234_int8_w8a8_9d8d21,int8_backbone,190,2480.91431,2480.92716,465.74081,465.621,468.26291,464.52634,466.91434,2323.752,3700.0
20260729T181234_int8_w8a8_9d8d21,int8_backbone,191,2484.53442,2484.55124,473.11566,464.53555,464.15353,468.05197,466.2999,2323.752,3700.0
20260729T181234_int8_w8a8_9d8d21,int8_backbone,192,2516.06128,2516.07814,469.9433,486.7287,467.81848,466.1207,469.62073,2323.752,3700.0
20260729T181234_int8_w8a8_9d8d21,int8_backbone,193,2861.72192,2861.94087,581.73645,570.78375,481.83911,474.39154,476.74368,2323.752,3700.0
20260729T181234_int8_w8a8_9d8d21,int8_backbone,194,2538.23169,2538.28773,486.06415,468.64581,469.20288,472.56372,479.2709,2323.752,3700.0
20260729T181234_int8_w8a8_9d8d21,int8_backbone,195,2540.2627,2540.45134,467.08014,465.69363,489.55801,467.1109,475.16364,2323.752,3700.0
20260729T181234_int8_w8a8_9d8d21,int8_backbone,196,2517.74878,2517.77325,475.03769,476.23065,473.64914,466.66956,470.16653,2323.752,3700.0
20260729T181234_int8_w8a8_9d8d21,int8_backbone,197,2489.85156,2489.86753,467.1918,465.56775,467.13345,467.29626,471.26624,2323.752,3700.0
20260729T181234_int8_w8a8_9d8d21,int8_backbone,198,2500.87012,2500.90865,466.51505,467.155,469.32684,470.66727,476.92184,2323.752,3700.0
20260729T181234_int8_w8a8_9d8d21,int8_backbone,199,2502.30664,2502.33335,467.29831,466.25781,483.18668,465.66708,469.92383,2323.752,3700.0
20260729T181736_int4_wo_98cc4c,int4_weight_only,0,1616.04504,1616.08259,268.5737,268.53683,268.27878,268.28287,268.3013,1547.831,2790.0
20260729T181736_int4_wo_98cc4c,int4_weight_only,1,1553.78613,1553.82781,268.59827,268.28082,268.3269,268.60248,268.27469,1547.831,2790.0
20260729T181736_int4_wo_98cc4c,int4_weight_only,2,1509.62158,1509.65435,268.34637,268.09958,268.09857,267.98898,267.86917,1547.831,2790.0
20260729T181736_int4_wo_98cc4c,int4_weight_only,3,1495.00452,1495.02601,268.4631,267.96545,267.90808,267.90094,267.86816,1547.831,2790.0
20260729T181736_int4_wo_98cc4c,int4_weight_only,4,1490.51318,1490.53814,268.38629,267.96338,267.91104,267.92551,268.00946,1547.831,2790.0
20260729T181736_int4_wo_98cc4c,int4_weight_only,5,1530.3125,1530.33825,268.36072,268.09445,267.9234,267.96448,267.89069,1547.831,2790.0
20260729T181736_int4_wo_98cc4c,int4_weight_only,6,1491.66101,1491.68409,268.35455,267.98489,268.28595,268.02689,267.86304,1547.831,2790.0
20260729T181736_int4_wo_98cc4c,int4_weight_only,7,1503.86169,1503.88701,268.30438,268.02789,268.07089,267.85281,267.86816,1547.831,2790.0
20260729T181736_int4_wo_98cc4c,int4_weight_only,8,1574.42407,1574.46072,268.52148,268.63,268.60236,268.54706,268.56345,1547.831,2790.0
20260729T181736_int4_wo_98cc4c,int4_weight_only,9,1491.89124,1491.93644,268.39859,268.66064,268.60236,268.54501,269.16455,1547.831,2790.0
20260729T181736_int4_wo_98cc4c,int4_weight_only,10,1492.45947,1492.49708,268.48563,268.85019,269.14304,268.59521,268.49384,1547.831,2790.0
20260729T181736_int4_wo_98cc4c,int4_weight_only,11,1589.42627,1589.45501,268.80615,268.45901,268.49997,268.5163,268.25012,1547.831,2790.0
20260729T181736_int4_wo_98cc4c,int4_weight_only,12,1486.57629,1486.60914,268.33511,268.2962,268.07602,268.28903,268.17844,1547.831,2790.0
20260729T181736_int4_wo_98cc4c,int4_weight_only,13,1490.00208,1490.02514,268.32895,267.94803,267.94702,268.36172,267.92859,1547.831,2790.0
20260729T181736_int4_wo_98cc4c,int4_weight_only,14,1516.12097,1516.15125,268.31052,268.08115,268.00436,267.93268,267.87933,1547.831,2790.0
20260729T181736_int4_wo_98cc4c,int4_weight_only,15,1490.10217,1490.1269,268.33817,268.07193,268.12827,268.27869,268.41599,1547.831,2790.0
20260729T181736_int4_wo_98cc4c,int4_weight_only,16,1494.59998,1494.63783,268.34534,268.58292,268.48563,268.55118,268.69247,1547.831,2790.0
20260729T181736_int4_wo_98cc4c,int4_weight_only,17,1491.82996,1491.86911,268.67603,268.54294,268.55731,268.59628,268.6597,1547.831,2790.0
20260729T181736_int4_wo_98cc4c,int4_weight_only,18,1490.33435,1490.36286,268.35968,268.12006,268.44363,268.0791,268.65665,1547.831,2790.0
20260729T181736_int4_wo_98cc4c,int4_weight_only,19,1491.51831,1491.5465,268.33511,268.10779,268.19891,268.19073,268.07706,1547.831,2790.0
20260729T181736_int4_wo_98cc4c,int4_weight_only,20,1491.03674,1491.071,268.39758,268.52966,268.87476,268.85733,269.10516,1547.831,2790.0
20260729T181736_int4_wo_98cc4c,int4_weight_only,21,1501.07361,1501.1076,268.49484,268.42215,268.40063,268.61261,268.48666,1547.831,2790.0
20260729T181736_int4_wo_98cc4c,int4_weight_only,22,1489.69385,1489.73373,268.42535,268.41806,268.34021,268.4375,268.52658,1547.831,2790.0
20260729T181736_int4_wo_98cc4c,int4_weight_only,23,1491.40234,1491.45785,268.45901,268.25421,268.69043,268.6167,268.59418,1547.831,2790.0
20260729T181736_int4_wo_98cc4c,int4_weight_only,24,1559.18567,1559.22841,268.50101,268.6167,268.78973,268.47437,268.49286,1547.831,2790.0
20260729T181736_int4_wo_98cc4c,int4_weight_only,25,1497.26794,1497.30398,268.55316,268.58392,268.82458,268.5051,268.48563,1547.831,2790.0
20260729T181736_int4_wo_98cc4c,int4_weight_only,26,1499.40588,1499.44985,268.72833,268.35355,268.55731,268.37708,268.37811,1547.831,2790.0
20260729T181736_int4_wo_98cc4c,int4_weight_only,27,1545.10254,1545.14512,268.6076,268.45593,268.52045,268.58701,268.48154,1547.831,2790.0
20260729T181736_int4_wo_98cc4c,int4_weight_only,28,1490.66797,1490.70444,268.50406,268.62592,268.29825,268.57062,268.77338,1547.831,2790.0
20260729T181736_int4_wo_98cc4c,int4_weight_only,29,1491.25305,1491.28682,268.51642,268.70477,268.59109,268.63617,268.49997,1547.831,2790.0
20260729T181736_int4_wo_98cc4c,int4_weight_only,30,1489.55688,1489.58934,268.48563,268.70068,268.35559,268.41293,268.47745,1547.831,2790.0
20260729T181736_int4_wo_98cc4c,int4_weight_only,31,1516.15698,1516.18724,268.46207,268.43649,269.08057,268.62283,268.28494,1547.831,2790.0
20260729T181736_int4_wo_98cc4c,int4_weight_only,32,1495.63647,1495.66848,268.61569,268.62177,268.62491,268.5614,268.58292,1547.831,2790.0
20260729T181736_int4_wo_98cc4c,int4_weight_only,33,1520.04675,1520.07039,268.75299,268.55527,268.05145,267.94598,267.95416,1547.831,2790.0
20260729T181736_int4_wo_98cc4c,int4_weight_only,34,1486.29346,1486.31985,268.45697,268.22144,268.04532,268.4252,268.05554,1547.831,2790.0
20260729T181736_int4_wo_98cc4c,int4_weight_only,35,1487.54773,1487.57592,268.62387,268.28699,268.27878,268.52243,268.29926,1547.831,2790.0
20260729T181736_int4_wo_98cc4c,int4_weight_only,36,1487.99451,1488.02283,268.70786,268.21326,268.16922,268.38733,268.47949,1547.831,2790.0
20260729T181736_int4_wo_98cc4c,int4_weight_only,37,1576.97388,1577.00156,268.56549,268.66995,268.94745,268.78351,269.02335,1547.831,2790.0
20260729T181736_int4_wo_98cc4c,int4_weight_only,38,1506.63611,1506.66808,268.67712,268.41599,268.40576,268.41089,268.39346,1547.831,2790.0
20260729T181736_int4_wo_98cc4c,int4_weight_only,39,1529.99988,1530.03465,268.41296,268.55936,268.38016,269.2178,268.71194,1547.831,2790.0
20260729T181736_int4_wo_98cc4c,int4_weight_only,40,1495.15918,1495.19595,268.58087,269.37653,268.80005,268.36072,268.68839,1547.831,2790.0
20260729T181736_int4_wo_98cc4c,int4_weight_only,41,1499.44543,1499.47318,268.41702,268.50208,268.26547,268.20813,268.33408,1547.831,2790.0
20260729T181736_int4_wo_98cc4c,int4_weight_only,42,1487.44519,1487.49381,268.45905,268.28287,268.40985,268.42419,268.13132,1547.831,2790.0
20260729T181736_int4_wo_98cc4c,int4_weight_only,43,1535.57764,1535.61091,268.60648,268.85632,268.72525,269.24442,268.27573,1547.831,2790.0
20260729T181736_int4_wo_98cc4c,int4_weight_only,44,1488.67065,1488.71142,268.63513,268.09753,268.52454,268.67609,268.60434,1547.831,2790.0
20260729T181736_int4_wo_98cc4c,int4_weight_only,45,1490.92017,1490.95598,268.586,268.12314,268.59314,268.11084,268.09549,1547.831,2790.0
20260729T181736_int4_wo_98cc4c,int4_weight_only,46,1492.13354,1492.15891,268.45798,268.28799,268.42728,268.17639,268.62183,1547.831,2790.0
20260729T181736_int4_wo_98cc4c,int4_weight_only,47,1490.0033,1490.02951,268.37402,268.25522,268.6853,268.37506,268.08832,1547.831,2790.0
20260729T181736_int4_wo_98cc4c,int4_weight_only,48,1495.6521,1495.68722,268.44467,268.1221,268.09958,268.15796,268.55219,1547.831,2790.0
20260729T181736_int4_wo_98cc4c,int4_weight_only,49,1489.8562,1489.90224,268.46722,268.85529,268.73138,268.2327,268.70773,1547.831,2790.0
20260729T181736_int4_wo_98cc4c,int4_weight_only,50,1555.49548,1555.52545,268.44159,268.09232,268.07602,268.01868,268.0238,1547.831,2790.0
20260729T181736_int4_wo_98cc4c,int4_weight_only,51,1487.30139,1487.331,268.39758,268.18152,268.25012,268.32288,268.45789,1547.831,2790.0
20260729T181736_int4_wo_98cc4c,int4_weight_only,52,1490.38098,1490.41849,268.38324,268.45285,268.76825,268.49384,268.19995,1547.831,2790.0
20260729T181736_int4_wo_98cc4c,int4_weight_only,53,1492.00928,1492.03885,269.01605,268.55627,268.32486,268.17438,268.50101,1547.831,2790.0
20260729T181736_int4_wo_98cc4c,int4_weight_only,54,1510.86145,1510.913,268.8616,268.43854,268.31155,268.69351,268.18048,1547.831,2790.0
20260729T181736_int4_wo_98cc4c,int4_weight_only,55,1529.54907,1529.59264,269.18298,268.12622,269.44308,268.0976,269.32224,1547.831,2790.0
20260729T181736_int4_wo_98cc4c,int4_weight_only,56,1492.98096,1493.01436,268.9321,268.25626,268.91675,268.21426,268.45081,1547.831,2790.0
20260729T181736_int4_wo_98cc4c,int4_weight_only,57,1572.86182,1572.92208,268.67508,268.10587,269.20755,268.33716,268.38937,1547.831,2790.0
20260729T181736_int4_wo_98cc4c,int4_weight_only,58,1492.24548,1492.27055,268.65356,267.98593,268.32178,268.17126,268.32895,1547.831,2790.0
20260729T181736_int4_wo_98cc4c,int4_weight_only,59,1486.37512,1486.39926,268.60748,268.17126,267.98798,268.03506,268.18356,1547.831,2790.0
20260729T181736_int4_wo_98cc4c,int4_weight_only,60,1501.38782,1501.41926,268.64844,268.04123,268.52045,268.17639,268.57678,1547.831,2790.0
20260729T181736_int4_wo_98cc4c,int4_weight_only,61,1534.16748,1534.36281,268.68121,268.33099,268.79581,269.20038,268.73547,1547.831,2790.0
20260729T181736_int4_wo_98cc4c,int4_weight_only,62,1497.94922,1497.99951,269.04782,268.8071,268.57166,269.06009,268.45389,1547.831,2790.0
20260729T181736_int4_wo_98cc4c,int4_weight_only,63,1496.39697,1496.44946,269.12057,269.14304,269.24545,268.87885,269.14304,1547.831,2790.0
20260729T181736_int4_wo_98cc4c,int4_weight_only,64,1496.36987,1496.47212,269.00992,269.33249,268.60544,269.43896,269.6806,1547.831,2790.0
20260729T181736_int4_wo_98cc4c,int4_weight_only,65,1505.20752,1505.47005,270.3226,268.43237,268.44467,268.42828,268.43341,1547.831,2790.0
20260729T181736_int4_wo_98cc4c,int4_weight_only,66,1526.67358,1526.76696,270.55002,271.73376,270.8735,270.47424,269.78305,1547.831,2790.0
20260729T181736_int4_wo_98cc4c,int4_weight_only,67,1502.01477,1502.21019,270.0585,269.867,269.87521,270.27762,269.95813,1547.831,2790.0
20260729T181736_int4_wo_98cc4c,int4_weight_only,68,1517.8811,1517.95804,269.82501,269.85471,272.0983,269.57721,269.72467,1547.831,2790.0
20260729T181736_int4_wo_98cc4c,int4_weight_only,69,1500.50732,1500.54302,268.88602,268.55533,268.50818,268.24915,268.35864,1547.831,2790.0
20260729T181736_int4_wo_98cc4c,int4_weight_only,70,1541.07849,1541.2568,268.5358,268.12314,268.63309,268.71289,268.02789,1547.831,2790.0
20260729T181736_int4_wo_98cc4c,int4_weight_only,71,1500.18066,1500.20707,268.57883,268.09344,268.06888,268.15283,268.05145,1547.831,2790.0
20260729T181736_int4_wo_98cc4c,int4_weight_only,72,1501.91992,1501.96778,269.83835,270.91357,269.43692,269.47687,269.8537,1547.831,2790.0
20260729T181736_int4_wo_98cc4c,int4_weight_only,73,1550.32764,1550.39163,268.5051,268.49893,268.16409,268.48462,268.41498,1547.831,2790.0
20260729T181736_int4_wo_98cc4c,int4_weight_only,74,1555.82336,1555.84843,269.63977,269.72876,269.45944,269.53625,270.01242,1547.831,2790.0
20260729T181736_int4_wo_98cc4c,int4_weight_only,75,1493.12988,1493.29298,269.73184,269.47787,269.43167,269.34067,269.93661,1547.831,2790.0
20260729T181736_int4_wo_98cc4c,int4_weight_only,76,1561.75281,1561.78265,268.63104,268.12723,268.68735,267.99323,268.83682,1547.831,2790.0
20260729T181736_int4_wo_98cc4c,int4_weight_only,77,1514.32275,1514.34996,268.51123,268.08832,267.99814,268.55118,268.02689,1547.831,2790.0
20260729T181736_int4_wo_98cc4c,int4_weight_only,78,1544.94385,1544.96789,268.47232,268.16205,268.00845,268.25113,268.6658,1547.831,2790.0
20260729T181736_int4_wo_98cc4c,int4_weight_only,79,1487.05652,1487.09101,268.96179,268.20709,268.03302,268.07297,267.95828,1547.831,2790.0
20260729T181736_int4_wo_98cc4c,int4_weight_only,80,1487.81433,1487.8467,268.49588,268.5235,268.06888,268.21835,268.85223,1547.831,2790.0
20260729T181736_int4_wo_98cc4c,int4_weight_only,81,1485.99658,1486.02371,268.53171,268.09555,267.98181,268.17639,268.10776,1547.831,2790.0
20260729T181736_int4_wo_98cc4c,int4_weight_only,82,1508.95312,1508.97871,268.54187,268.71808,268.56244,268.39963,268.65256,1547.831,2790.0
20260729T181736_int4_wo_98cc4c,int4_weight_only,83,1488.92468,1488.9511,268.39459,268.1221,268.14252,268.01971,268.12723,1547.831,2790.0
20260729T181736_int4_wo_98cc4c,int4_weight_only,84,1492.93738,1492.99883,268.52658,268.1088,268.02689,268.16409,268.75186,1547.831,2790.0
20260729T181736_int4_wo_98cc4c,int4_weight_only,85,1494.59009,1494.63312,268.65567,268.53375,268.49484,268.68225,268.58801,1547.831,2790.0
20260729T181736_int4_wo_98cc4c,int4_weight_only,86,1532.58337,1532.6104,268.53683,268.31046,268.15179,268.52863,268.38528,1547.831,2790.0
20260729T181736_int4_wo_98cc4c,int4_weight_only,87,1554.38147,1554.4094,269.00378,268.39655,268.37402,268.14053,268.66382,1547.831,2790.0
20260729T181736_int4_wo_98cc4c,int4_weight_only,88,1490.3446,1490.37159,268.41702,268.34229,268.42728,268.2695,268.22241,1547.831,2790.0
20260729T181736_int4_wo_98cc4c,int4_weight_only,89,1488.71509,1488.89401,268.41702,268.21222,268.24191,268.51227,268.75598,1547.831,2790.0
20260729T181736_int4_wo_98cc4c,int4_weight_only,90,1508.89246,1508.92837,269.00784,268.31052,268.18765,268.17844,267.95624,1547.831,2790.0
20260729T181736_int4_wo_98cc4c,int4_weight_only,91,1519.17468,1519.1989,268.60339,268.40884,268.34021,267.98898,267.90082,1547.831,2790.0
20260729T181736_int4_wo_98cc4c,int4_weight_only,92,1485.51331,1485.539,268.45081,268.01151,268.09958,268.00641,268.07501,1547.831,2790.0
20260729T181736_int4_wo_98cc4c,int4_weight_only,93,1493.94507,1493.97042,268.39133,268.02579,268.13333,268.25522,267.96442,1547.831,2790.0
20260729T181736_int4_wo_98cc4c,int4_weight_only,94,1487.03723,1487.07525,268.95758,268.26651,268.12622,268.16718,268.14868,1547.831,2790.0
20260729T181736_int4_wo_98cc4c,int4_weight_only,95,1488.31274,1488.34364,268.47128,268.16409,268.13132,268.27667,268.60953,1547.831,2790.0
20260729T181736_int4_wo_98cc4c,int4_weight_only,96,1487.63989,1487.66854,268.39142,268.66382,268.23578,268.20404,268.29312,1547.831,2790.0
20260729T181736_int4_wo_98cc4c,int4_weight_only,97,1502.44421,1502.47029,268.38837,268.1723,268.03098,268.0289,267.96033,1547.831,2790.0
20260729T181736_int4_wo_98cc4c,int4_weight_only,98,1486.07617,1486.10098,268.40677,268.27469,268.17844,268.02994,267.98181,1547.831,2790.0
20260729T181736_int4_wo_98cc4c,int4_weight_only,99,1485.79919,1485.82517,268.45587,267.98181,267.95929,267.95416,267.95624,1547.831,2790.0
20260729T181736_int4_wo_98cc4c,int4_weight_only,100,1485.52917,1485.58145,268.43048,268.08524,268.1088,268.72217,267.97568,1547.831,2790.0
20260729T181736_int4_wo_98cc4c,int4_weight_only,101,1489.47925,1489.50639,268.48666,268.15591,268.09753,268.30643,267.9563,1547.831,2790.0
20260729T181736_int4_wo_98cc4c,int4_weight_only,102,1486.04944,1486.08047,268.47336,267.96954,268.13644,268.00845,268.00229,1547.831,2790.0
20260729T181736_int4_wo_98cc4c,int4_weight_only,103,1558.86572,1558.8942,268.54401,268.42932,268.24295,268.13644,268.21222,1547.831,2790.0
20260729T181736_int4_wo_98cc4c,int4_weight_only,104,1488.35645,1488.39036,268.60236,268.28583,268.35559,268.40372,268.62283,1547.831,2790.0
20260729T181736_int4_wo_98cc4c,int4_weight_only,105,1487.97009,1487.9992,268.89832,268.39346,268.38528,268.203,268.0668,1547.831,2790.0
20260729T181736_int4_wo_98cc4c,int4_weight_only,106,1486.71008,1486.73737,268.50919,268.55014,268.04019,268.00128,268.43854,1547.831,2790.0
20260729T181736_int4_wo_98cc4c,int4_weight_only,107,1487.02136,1487.05163,268.5184,268.16397,268.26956,268.13544,268.05554,1547.831,2790.0
20260729T181736_int4_wo_98cc4c,int4_weight_only,108,1512.27966,1512.30794,268.42624,268.28494,268.87476,268.70477,268.63821,1547.831,2790.0
20260729T181736_int4_wo_98cc4c,int4_weight_only,109,1525.30298,1525.32941,268.61465,269.00583,268.65561,268.76212,268.13953,1547.831,2790.0
20260729T181736_int4_wo_98cc4c,int4_weight_only,110,1487.71936,1487.74881,268.57983,268.15692,268.0914,268.10675,268.22043,1547.831,2790.0
20260729T181736_int4_wo_98cc4c,int4_weight_only,111,1488.06775,1488.25194,268.95462,268.23364,268.34738,268.19891,268.36786,1547.831,2790.0
20260729T181736_int4_wo_98cc4c,int4_weight_only,112,1503.28821,1503.32362,268.39963,268.6394,268.22964,268.47949,268.246,1547.831,2790.0
20260729T181736_int4_wo_98cc4c,int4_weight_only,113,1489.36389,1489.39696,268.63104,268.44571,268.85645,268.61673,268.42624,1547.831,2790.0
20260729T181736_int4_wo_98cc4c,int4_weight_only,114,1527.42493,1527.45262,268.3689,268.25113,268.12427,268.10471,268.02988,1547.831,2790.0
20260729T181736_int4_wo_98cc4c,int4_weight_only,115,1495.20825,1495.2367,268.41293,268.38937,268.88602,268.1344,268.52966,1547.831,2790.0
20260729T181736_int4_wo_98cc4c,int4_weight_only,116,1488.81738,1488.84743,268.45911,268.52454,268.40781,268.16309,268.52762,1547.831,2790.0
20260729T181736_int4_wo_98cc4c,int4_weight_only,117,1521.54065,1521.5688,268.37094,268.12823,267.9808,268.20709,268.05966,1547.831,2790.0
20260729T181736_int4_wo_98cc4c,int4_weight_only,118,1551.18652,1551.21503,268.41306,268.06366,268.00128,268.21326,268.64639,1547.831,2790.0
20260729T181736_int4_wo_98cc4c,int4_weight_only,119,1487.4491,1487.47682,268.65869,268.04849,268.16309,268.14557,268.04837,1547.831,2790.0
20260729T181736_int4_wo_98cc4c,int4_weight_only,120,1552.0,1552.02749,268.41702,268.15079,268.08731,268.5061,268.36276,1547.831,2790.0
20260729T181736_int4_wo_98cc4c,int4_weight_only,121,1490.31726,1490.35098,268.36798,268.27673,268.64749,268.26035,268.08115,1547.831,2790.0
20260729T181736_int4_wo_98cc4c,int4_weight_only,122,1487.42761,1487.4531,268.42624,268.27161,268.14575,268.08731,268.51636,1547.831,2790.0
20260729T181736_int4_wo_98cc4c,int4_weight_only,123,1485.79663,1485.8224,268.60236,268.25421,268.08936,268.32178,268.19174,1547.831,2790.0
20260729T181736_int4_wo_98cc4c,int4_weight_only,124,1522.15808,1522.18602,268.62592,268.20914,268.08838,268.25626,268.71194,1547.831,2790.0
20260729T181736_int4_wo_98cc4c,int4_weight_only,125,1487.77625,1487.80266,268.43954,268.08319,269.12555,268.48257,268.04428,1547.831,2790.0
20260729T181736_int4_wo_98cc4c,int4_weight_only,126,1543.16431,1543.18776,269.96225,269.66837,269.36523,269.33029,269.79736,1547.831,2790.0
20260729T181736_int4_wo_98cc4c,int4_weight_only,127,1520.65479,1520.68008,268.59933,268.23474,268.54605,268.11801,268.06375,1547.831,2790.0
20260729T181736_int4_wo_98cc4c,int4_weight_only,128,1488.05591,1488.0909,268.52148,268.29108,268.08423,268.10983,268.55542,1547.831,2790.0
20260729T181736_int4_wo_98cc4c,int4_weight_only,129,1490.1394,1490.18689,268.68021,268.40372,268.67917,268.40891,268.49075,1547.831,2790.0
20260729T181736_int4_wo_98cc4c,int4_weight_only,130,1502.80872,1502.84313,268.97818,268.45593,268.71399,268.6843,269.08569,1547.831,2790.0
20260729T181736_int4_wo_98cc4c,int4_weight_only,131,1489.96216,1489.99343,268.5184,268.65356,269.14816,268.58914,268.30542,1547.831,2790.0
20260729T181736_int4_wo_98cc4c,int4_weight_only,132,1567.59021,1567.61925,268.57483,268.52863,268.56049,268.45798,268.55725,1547.831,2790.0
20260729T181736_int4_wo_98cc4c,int4_weight_only,133,1543.28577,1543.30939,268.67099,268.06476,268.01971,268.38837,268.08423,1547.831,2790.0
20260729T181736_int4_wo_98cc4c,int4_weight_only,134,1489.4093,1489.43971,268.72421,268.17957,268.06067,268.06784,268.44058,1547.831,2790.0
20260729T181736_int4_wo_98cc4c,int4_weight_only,135,1495.4281,1495.45415,268.53888,268.06067,268.12314,268.15167,268.01254,1547.831,2790.0
20260729T181736_int4_wo_98cc4c,int4_weight_only,136,1487.84583,1487.87217,268.46207,268.34125,268.15384,268.16309,267.97363,1547.831,2790.0
20260729T181736_int4_wo_98cc4c,int4_weight_only,137,1492.34253,1492.37012,268.39859,268.08731,268.06067,268.14975,268.10983,1547.831,2790.0
20260729T181736_int4_wo_98cc4c,int4_weight_only,138,1486.92944,1486.95557,268.59418,268.07706,268.07602,268.30234,268.23065,1547.831,2790.0
20260729T181736_int4_wo_98cc4c,int4_weight_only,139,1489.98828,1490.01601,268.64551,268.29926,268.16,268.57779,268.62079,1547.831,2790.0
20260729T181736_int4_wo_98cc4c,int4_weight_only,140,1581.70593,1581.74677,268.67099,268.96487,269.35297,268.73029,268.62283,1547.831,2790.0
20260729T181736_int4_wo_98cc4c,int4_weight_only,141,1514.41589,1514.45717,268.53992,268.74265,268.30847,268.59109,268.36993,1547.831,2790.0
20260729T181736_int4_wo_98cc4c,int4_weight_only,142,1566.23718,1566.26373,268.97818,268.74777,268.22043,268.1416,268.34637,1547.831,2790.0
20260729T181736_int4_wo_98cc4c,int4_weight_only,143,1602.38098,1602.41727,269.57831,269.64786,268.82867,268.44363,269.28641,1547.831,2790.0
20260729T181736_int4_wo_98cc4c,int4_weight_only,144,1492.78467,1492.82209,269.2587,268.3822,268.20709,268.13544,268.01562,1547.831,2790.0
20260729T181736_int4_wo_98cc4c,int4_weight_only,145,1496.4447,1496.51694,268.72626,269.18811,269.10004,268.94128,269.24857,1547.831,2790.0
20260729T181736_int4_wo_98cc4c,int4_weight_only,146,1496.39661,1496.60343,268.55322,269.00378,269.25568,268.78668,268.65765,1547.831,2790.0
20260729T181736_int4_wo_98cc4c,int4_weight_only,147,1496.29089,1496.36209,269.05908,268.94849,269.09277,268.7785,268.57166,1547.831,2790.0
20260729T181736_int4_wo_98cc4c,int4_weight_only,148,1493.4707,1493.66264,268.60327,268.61978,268.66675,268.85529,268.78873,1547.831,2790.0
20260729T181736_int4_wo_98cc4c,int4_weight_only,149,1502.57507,1502.61809,269.1236,268.93005,268.47949,268.58701,268.61157,1547.831,2790.0
20260729T181736_int4_wo_98cc4c,int4_weight_only,150,1491.07349,1491.11598,268.63718,268.64539,268.43237,268.66791,268.60953,1547.831,2790.0
20260729T181736_int4_wo_98cc4c,int4_weight_only,151,1492.46313,1492.49712,268.5614,268.96695,268.45285,268.39246,268.3136,1547.831,2790.0
20260729T181736_int4_wo_98cc4c,int4_weight_only,152,1491.59668,1491.63096,268.69043,268.94534,268.63922,268.65152,268.40677,1547.831,2790.0
20260729T181736_int4_wo_98cc4c,int4_weight_only,153,1558.63879,1558.69832,268.53369,268.20096,268.28391,268.62399,268.75494,1547.831,2790.0
20260729T181736_int4_wo_98cc4c,int4_weight_only,154,1544.68701,1544.73397,268.76724,268.67813,269.56287,268.8215,268.16409,1547.831,2790.0
20260729T181736_int4_wo_98cc4c,int4_weight_only,155,1488.69263,1488.72073,268.48663,268.41702,268.24908,268.14362,268.18152,1547.831,2790.0
20260729T181736_int4_wo_98cc4c,int4_weight_only,156,1519.36121,1519.39403,268.55527,268.76416,268.67609,268.5737,268.58594,1547.831,2790.0
20260729T181736_int4_wo_98cc4c,int4_weight_only,157,1494.35474,1494.55065,268.61774,268.57062,268.80411,268.54297,270.10559,1547.831,2790.0
20260729T181736_int4_wo_98cc4c,int4_weight_only,158,1543.41101,1543.48245,269.34271,268.86246,269.02631,268.82861,268.27982,1547.831,2790.0
20260729T181736_int4_wo_98cc4c,int4_weight_only,159,1529.90759,1529.93783,270.05338,269.71954,269.63763,269.71545,269.66119,1547.831,2790.0
20260729T181736_int4_wo_98cc4c,int4_weight_only,160,1494.71606,1494.76267,269.86496,269.54034,269.76562,269.48917,269.71545,1547.831,2790.0
20260729T181736_int4_wo_98cc4c,int4_weight_only,161,1524.03064,1524.22845,270.09433,270.03696,270.10764,269.94083,269.73389,1547.831,2790.0
20260729T181736_int4_wo_98cc4c,int4_weight_only,162,1499.98486,1500.04751,269.84152,269.52908,270.03085,269.69089,269.91513,1547.831,2790.0
20260729T181736_int4_wo_98cc4c,int4_weight_only,163,1492.11035,1492.28,268.4375,269.10104,268.30951,268.37915,268.52148,1547.831,2790.0
20260729T181736_int4_wo_98cc4c,int4_weight_only,164,1504.42932,1504.46907,269.88544,270.30118,269.78918,270.28891,270.04001,1547.831,2790.0
20260729T181736_int4_wo_98cc4c,int4_weight_only,165,1492.84924,1492.9055,268.70578,268.5614,268.79794,268.2327,268.26852,1547.831,2790.0
20260729T181736_int4_wo_98cc4c,int4_weight_only,166,1490.61694,1490.65392,268.52249,268.1712,268.4252,268.19482,268.56549,1547.831,2790.0
20260729T181736_int4_wo_98cc4c,int4_weight_only,167,1496.86987,1496.92857,269.92743,270.03903,269.47891,269.77786,269.85284,1547.831,2790.0
20260729T181736_int4_wo_98cc4c,int4_weight_only,168,1576.65723,1576.89834,269.22495,269.2782,269.39288,269.65607,268.43753,1547.831,2790.0
20260729T181736_int4_wo_98cc4c,int4_weight_only,169,1508.22742,1508.43809,269.21869,269.20346,268.96179,269.34888,269.36319,1547.831,2790.0
20260729T181736_int4_wo_98cc4c,int4_weight_only,170,1498.05713,1498.14177,269.12051,269.57825,268.73547,269.06522,268.44888,1547.831,2790.0
20260729T181736_int4_wo_98cc4c,int4_weight_only,171,1497.06921,1497.26236,268.96381,269.24133,269.12869,269.33978,269.66019,1547.831,2790.0
20260729T181736_int4_wo_98cc4c,int4_weight_only,172,1494.2356,1494.29512,269.47699,268.83801,268.72217,268.52762,268.84607,1547.831,2790.0
20260729T181736_int4_wo_98cc4c,int4_weight_only,173,1497.0437,1497.11525,269.1922,268.72421,268.81741,268.84711,269.11847,1547.831,2790.0
20260729T181736_int4_wo_98cc4c,int4_weight_only,174,1494.75928,1494.79869,269.02927,268.42419,269.17172,268.79077,268.74265,1547.831,2790.0
20260729T181736_int4_wo_98cc4c,int4_weight_only,175,1495.58484,1495.62542,269.15942,269.75336,268.52045,268.85019,269.0181,1547.831,2790.0
20260729T181736_int4_wo_98cc4c,int4_weight_only,176,1515.9342,1516.12437,269.00992,269.28125,268.76724,268.64743,268.94131,1547.831,2790.0
20260729T181736_int4_wo_98cc4c,int4_weight_only,177,1496.18726,1496.23405,268.41394,268.75803,268.39142,269.04584,269.28445,1547.831,2790.0
20260729T181736_int4_wo_98cc4c,int4_weight_only,178,1493.44299,1493.48867,268.61774,268.66483,268.79077,268.23987,268.60645,1547.831,2790.0
20260729T181736_int4_wo_98cc4c,int4_weight_only,179,1488.7157,1488.77009,268.73755,268.29517,268.42828,268.11801,268.57266,1547.831,2790.0
20260729T181736_int4_wo_98cc4c,int4_weight_only,180,1487.93127,1487.97138,268.46924,268.22964,268.10367,268.42725,267.98694,1547.831,2790.0
20260729T181736_int4_wo_98cc4c,int4_weight_only,181,1487.99231,1488.02532,268.54285,268.27673,268.13031,268.55423,268.14053,1547.831,2790.0
20260729T181736_int4_wo_98cc4c,int4_weight_only,182,1487.91089,1487.94525,268.586,268.42825,268.74368,268.35251,268.36777,1547.831,2790.0
20260729T181736_int4_wo_98cc4c,int4_weight_only,183,1488.60522,1488.63129,268.44159,268.3566,268.42215,268.33817,268.3013,1547.831,2790.0
20260729T181736_int4_wo_98cc4c,int4_weight_only,184,1491.61768,1491.79432,268.48767,268.19284,268.65048,268.29517,268.24091,1547.831,2790.0
20260729T181736_int4_wo_98cc4c,int4_weight_only,185,1486.52014,1486.55137,268.46921,268.23465,268.07501,268.14566,268.10062,1547.831,2790.0
20260729T181736_int4_wo_98cc4c,int4_weight_only,186,1490.66931,1490.70457,268.5614,268.41599,268.11188,268.31769,268.12415,1547.831,2790.0
20260729T181736_int4_wo_98cc4c,int4_weight_only,187,1493.51196,1493.53945,268.64844,268.56448,268.08936,268.24808,267.99515,1547.831,2790.0
20260729T181736_int4_wo_98cc4c,int4_weight_only,188,1486.92078,1486.94864,268.45184,268.14682,268.80103,268.2973,268.00946,1547.831,2790.0
20260729T181736_int4_wo_98cc4c,int4_weight_only,189,1524.43701,1524.46306,269.72159,269.54956,269.43387,269.50552,269.36014,1547.831,2790.0
20260729T181736_int4_wo_98cc4c,int4_weight_only,190,1495.36536,1495.41013,269.73697,269.995,269.50552,270.18854,269.51987,1547.831,2790.0
20260729T181736_int4_wo_98cc4c,int4_weight_only,191,1498.07556,1498.11501,270.18854,270.0094,269.82593,269.70728,269.64072,1547.831,2790.0
20260729T181736_int4_wo_98cc4c,int4_weight_only,192,1504.18408,1504.24995,270.06155,270.10867,269.995,269.92538,270.37286,1547.831,2790.0
20260729T181736_int4_wo_98cc4c,int4_weight_only,193,1574.99756,1575.034,268.55014,268.31256,268.25626,268.44467,268.35455,1547.831,2790.0
20260729T181736_int4_wo_98cc4c,int4_weight_only,194,1534.00598,1534.19103,268.72934,268.9321,268.5614,268.46924,268.34637,1547.831,2790.0
20260729T181736_int4_wo_98cc4c,int4_weight_only,195,1495.0033,1495.03331,268.48257,268.37503,268.21426,268.1774,268.20609,1547.831,2790.0
20260729T181736_int4_wo_98cc4c,int4_weight_only,196,1490.55054,1490.58262,268.42624,268.06879,268.01459,268.92902,267.99402,1547.831,2790.0
20260729T181736_int4_wo_98cc4c,int4_weight_only,197,1493.81458,1493.84178,268.44263,268.0791,268.02689,267.98593,267.97876,1547.831,2790.0
20260729T181736_int4_wo_98cc4c,int4_weight_only,198,1485.526,1485.55053,268.46823,268.57983,268.00845,268.20609,268.12109,1547.831,2790.0
20260729T181736_int4_wo_98cc4c,int4_weight_only,199,1491.10498,1491.13197,268.46823,268.23065,268.04019,268.02585,268.17944,1547.831,2790.0
20260729T182727_fake_int4_854bb9,fake_int4_backbone,0,486.40552,486.45828,60.36787,59.86713,59.43091,59.54662,59.65414,3994.479,6004.0
20260729T182727_fake_int4_854bb9,fake_int4_backbone,1,443.62872,443.68112,60.07597,59.44115,59.52512,59.55891,59.36845,3994.479,6004.0
20260729T182727_fake_int4_854bb9,fake_int4_backbone,2,446.8967,446.95676,60.40781,59.50771,59.33466,59.6736,59.40326,3994.479,6004.0
20260729T182727_fake_int4_854bb9,fake_int4_backbone,3,447.00577,447.05701,61.34272,59.8313,60.2327,59.41862,59.45753,3994.479,6004.0
20260729T182727_fake_int4_854bb9,fake_int4_backbone,4,448.26675,448.31763,60.69965,59.9552,59.61626,59.49133,59.44013,3994.479,6004.0
20260729T182727_fake_int4_854bb9,fake_int4_backbone,5,444.46786,444.53107,60.3689,59.3111,59.432,59.26502,59.60806,3994.479,6004.0
20260729T182727_fake_int4_854bb9,fake_int4_backbone,6,444.78638,444.83926,60.04422,59.45753,59.33773,59.6736,59.64694,3994.479,6004.0
20260729T182727_fake_int4_854bb9,fake_int4_backbone,7,444.31421,444.36589,60.12826,59.46675,59.50669,59.33773,59.50157,3994.479,6004.0
20260729T182727_fake_int4_854bb9,fake_int4_backbone,8,508.71808,508.76842,60.49178,59.74032,59.31417,59.48835,59.34899,3994.479,6004.0
20260729T182727_fake_int4_854bb9,fake_int4_backbone,9,461.99127,462.04725,62.23053,62.13622,59.45651,59.58141,61.48301,3994.479,6004.0
20260729T182727_fake_int4_854bb9,fake_int4_backbone,10,462.37076,462.42476,64.11674,59.92352,59.65414,62.79578,59.57018,3994.479,6004.0
20260729T182727_fake_int4_854bb9,fake_int4_backbone,11,454.31238,454.36599,62.48448,62.88282,62.26134,59.61626,59.27728,3994.479,6004.0
20260729T182727_fake_int4_854bb9,fake_int4_backbone,12,449.65527,449.70838,60.03206,59.95213,61.21881,59.48733,62.1097,3994.479,6004.0
20260729T182727_fake_int4_854bb9,fake_int4_backbone,13,446.32645,446.44709,60.22042,60.55424,59.50771,59.41453,62.66368,3994.479,6004.0
20260729T182727_fake_int4_854bb9,fake_int4_backbone,14,448.32193,448.3813,61.31815,59.65619,59.51181,59.53536,59.48928,3994.479,6004.0
20260729T182727_fake_int4_854bb9,fake_int4_backbone,15,457.12762,457.18226,60.0279,59.53229,59.86201,59.29773,59.62234,3994.479,6004.0
20260729T182727_fake_int4_854bb9,fake_int4_backbone,16,446.77606,446.82735,60.39552,59.50362,59.75347,59.33261,59.69613,3994.479,6004.0
20260729T182727_fake_int4_854bb9,fake_int4_backbone,17,453.99725,454.05664,61.93152,59.62035,61.10106,61.02016,60.89011,3994.479,6004.0
20260729T182727_fake_int4_854bb9,fake_int4_backbone,18,460.97205,461.03098,60.19072,61.33965,63.40915,59.51277,61.12461,3994.479,6004.0
20260729T182727_fake_int4_854bb9,fake_int4_backbone,19,453.32318,453.37725,60.13536,62.33702,60.22144,61.20448,62.68413,3994.479,6004.0
20260729T182727_fake_int4_854bb9,fake_int4_backbone,20,451.36884,451.42469,61.30381,62.47936,59.70742,60.03098,61.26183,3994.479,6004.0
20260729T182727_fake_int4_854bb9,fake_int4_backbone,21,457.70395,457.75647,67.18259,64.72704,59.53229,59.29376,59.18525,3994.479,6004.0
20260729T182727_fake_int4_854bb9,fake_int4_backbone,22,445.57895,445.63276,60.28493,59.62534,59.49133,59.73923,59.28448,3994.479,6004.0
20260729T182727_fake_int4_854bb9,fake_int4_backbone,23,445.27277,445.32498,60.23577,59.57734,59.43501,59.27622,59.2343,3994.479,6004.0
20260729T182727_fake_int4_854bb9,fake_int4_backbone,24,443.8551,443.90754,59.9849,59.33978,59.42272,59.37459,59.50157,3994.479,6004.0
20260729T182727_fake_int4_854bb9,fake_int4_backbone,25,443.77533,443.82541,60.71603,59.31417,59.42067,59.35216,59.4944,3994.479,6004.0
20260729T182727_fake_int4_854bb9,fake_int4_backbone,26,493.11523,493.17181,66.90099,60.93619,60.03917,59.53127,59.31827,3994.479,6004.0
20260729T182727_fake_int4_854bb9,fake_int4_backbone,27,455.05884,455.11609,64.38093,60.11597,59.43296,59.39917,59.52205,3994.479,6004.0
20260729T182727_fake_int4_854bb9,fake_int4_backbone,28,444.70068,444.76554,60.02064,59.45651,59.27219,59.61114,59.68381,3994.479,6004.0
20260729T182727_fake_int4_854bb9,fake_int4_backbone,29,455.36325,455.4182,62.74038,60.09856,60.99046,59.86713,59.30189,3994.479,6004.0
20260729T182727_fake_int4_854bb9,fake_int4_backbone,30,447.49326,447.54684,60.24089,59.58759,60.03405,59.93376,59.32762,3994.479,6004.0
20260729T182727_fake_int4_854bb9,fake_int4_backbone,31,445.27942,445.33148,60.09344,59.48518,59.31527,59.40326,59.41043,3994.479,6004.0
20260729T182727_fake_int4_854bb9,fake_int4_backbone,32,445.19156,445.24368,60.49075,59.46163,59.21894,59.41555,59.3408,3994.479,6004.0
20260729T182727_fake_int4_854bb9,fake_int4_backbone,33,447.3974,447.45385,60.38938,59.60294,59.61414,59.47904,59.59885,3994.479,6004.0
20260729T182727_fake_int4_854bb9,fake_int4_backbone,34,448.9382,449.00275,61.19117,59.44423,59.392,61.02733,59.62951,3994.479,6004.0
20260729T182727_fake_int4_854bb9,fake_int4_backbone,35,445.48169,445.53886,60.38218,59.57837,59.54662,59.45856,59.46983,3994.479,6004.0
20260729T182727_fake_int4_854bb9,fake_int4_backbone,36,456.44867,456.50926,62.14042,59.50464,59.66746,59.56301,66.39411,3994.479,6004.0
20260729T182727_fake_int4_854bb9,fake_int4_backbone,37,484.23532,484.31517,60.6208,59.35719,59.62854,65.78893,59.74733,3994.479,6004.0
20260729T182727_fake_int4_854bb9,fake_int4_backbone,38,451.53821,451.59243,61.17376,62.15168,59.43808,59.58653,59.35507,3994.479,6004.0
20260729T182727_fake_int4_854bb9,fake_int4_backbone,39,447.64981,447.70866,60.54099,60.01562,59.66541,60.00537,59.33568,3994.479,6004.0
20260729T182727_fake_int4_854bb9,fake_int4_backbone,40,467.33871,467.394,59.92439,59.86816,59.60397,59.35411,59.65424,3994.479,6004.0
20260729T182727_fake_int4_854bb9,fake_int4_backbone,41,483.55832,483.61386,61.93357,63.21766,60.9392,62.40665,63.49514,3994.479,6004.0
20260729T182727_fake_int4_854bb9,fake_int4_backbone,42,504.96982,505.02308,62.14553,61.29459,59.7545,61.47891,59.4729,3994.479,6004.0
20260729T182727_fake_int4_854bb9,fake_int4_backbone,43,451.19043,451.24638,60.22758,62.11789,59.41146,60.4672,60.37709,3994.479,6004.0
20260729T182727_fake_int4_854bb9,fake_int4_backbone,44,445.44147,445.49379,60.32896,59.43603,59.49542,59.6695,59.39712,3994.479,6004.0
20260729T182727_fake_int4_854bb9,fake_int4_backbone,45,444.82516,444.88207,60.07501,59.38995,59.49552,59.39917,59.35923,3994.479,6004.0
20260729T182727_fake_int4_854bb9,fake_int4_backbone,46,444.91629,444.96938,60.11075,59.50055,59.38381,59.4985,59.68998,3994.479,6004.0
20260729T182727_fake_int4_854bb9,fake_int4_backbone,47,527.1145,527.16938,61.02221,61.26592,64.05734,62.07693,59.50669,3994.479,6004.0
20260729T182727_fake_int4_854bb9,fake_int4_backbone,48,454.33707,454.38837,60.80512,59.7504,59.33875,59.58656,59.72992,3994.479,6004.0
20260729T182727_fake_int4_854bb9,fake_int4_backbone,49,459.66888,460.3416,65.35271,59.96339,59.40528,59.52614,59.40838,3994.479,6004.0
20260729T182727_fake_int4_854bb9,fake_int4_backbone,50,465.79456,465.84711,61.22086,59.64493,60.21017,60.4631,60.5184,3994.479,6004.0
20260729T182727_fake_int4_854bb9,fake_int4_backbone,51,442.63928,442.68898,60.09037,59.50874,59.51897,59.56403,59.45958,3994.479,6004.0
20260729T182727_fake_int4_854bb9,fake_int4_backbone,52,541.87488,541.91747,63.52179,63.89043,60.60237,59.63981,59.40019,3994.479,6004.0
20260729T182727_fake_int4_854bb9,fake_int4_backbone,53,511.72034,511.76531,60.60227,59.50874,59.50055,59.36039,59.43193,3994.479,6004.0
20260729T182727_fake_int4_854bb9,fake_int4_backbone,54,444.38016,444.42467,60.62285,59.6736,59.45648,59.45139,59.35923,3994.479,6004.0
20260729T182727_fake_int4_854bb9,fake_int4_backbone,55,459.25513,459.30037,60.15283,59.67053,59.38074,59.5159,59.38678,3994.479,6004.0
20260729T182727_fake_int4_854bb9,fake_int4_backbone,56,444.40179,444.44789,60.14464,59.43091,59.99514,59.52614,59.33158,3994.479,6004.0
20260729T182727_fake_int4_854bb9,fake_int4_backbone,57,513.91101,513.95701,61.44205,60.81331,61.12563,60.03302,59.84358,3994.479,6004.0
20260729T182727_fake_int4_854bb9,fake_int4_backbone,58,451.65314,451.71239,60.79283,60.22861,60.33715,59.56096,63.97645,3994.479,6004.0
20260729T182727_fake_int4_854bb9,fake_int4_backbone,59,455.98126,456.03318,64.25488,60.22656,59.87011,61.69907,61.10515,3994.479,6004.0
20260729T182727_fake_int4_854bb9,fake_int4_backbone,60,443.72849,443.77828,60.19379,59.55984,59.40429,59.56096,59.70842,3994.479,6004.0
20260729T182727_fake_int4_854bb9,fake_int4_backbone,61,453.54617,453.6213,60.47027,60.41395,66.21389,59.88454,59.40121,3994.479,6004.0
20260729T182727_fake_int4_854bb9,fake_int4_backbone,62,481.66168,481.70982,63.10707,59.6736,61.47059,59.52819,60.19482,3994.479,6004.0
20260729T182727_fake_int4_854bb9,fake_int4_backbone,63,449.2204,449.26982,60.1385,59.61831,60.10983,61.3632,59.83437,3994.479,6004.0
20260729T182727_fake_int4_854bb9,fake_int4_backbone,64,458.87906,458.92715,60.10778,59.43491,59.58246,60.34125,59.91014,3994.479,6004.0
20260729T182727_fake_int4_854bb9,fake_int4_backbone,65,444.61115,444.65722,60.29926,59.78419,59.35309,59.36947,59.32339,3994.479,6004.0
20260729T182727_fake_int4_854bb9,fake_int4_backbone,66,443.94455,443.99122,59.96032,59.40326,59.31213,59.32954,59.52922,3994.479,6004.0
20260729T182727_fake_int4_854bb9,fake_int4_backbone,67,445.45618,445.51494,59.97168,59.4985,59.68489,59.3439,59.46983,3994.479,6004.0
20260729T182727_fake_int4_854bb9,fake_int4_backbone,68,467.7688,467.81536,61.90173,59.94905,59.56915,59.48621,59.47187,3994.479,6004.0
20260729T182727_fake_int4_854bb9,fake_int4_backbone,69,451.18729,451.23332,59.95315,59.50976,59.38893,59.41965,59.31417,3994.479,6004.0
20260729T182727_fake_int4_854bb9,fake_int4_backbone,70,463.52646,463.57141,59.92653,59.71875,59.3961,59.58759,59.40736,3994.479,6004.0
20260729T182727_fake_int4_854bb9,fake_int4_backbone,71,444.83258,444.87671,59.96544,59.57222,59.75757,59.38781,59.48825,3994.479,6004.0
20260729T182727_fake_int4_854bb9,fake_int4_backbone,72,444.41953,444.46487,60.07808,59.52307,59.30189,59.44832,59.35206,3994.479,6004.0
20260729T182727_fake_int4_854bb9,fake_int4_backbone,73,448.4863,448.5355,60.01965,63.94266,59.4176,59.46163,59.35104,3994.479,6004.0
20260729T182727_fake_int4_854bb9,fake_int4_backbone,74,465.98868,466.03833,62.7753,59.74118,63.57197,61.49837,60.19687,3994.479,6004.0
20260729T182727_fake_int4_854bb9,fake_int4_backbone,75,468.5979,468.64584,60.09549,59.54355,66.95526,59.51488,59.54976,3994.479,6004.0
20260729T182727_fake_int4_854bb9,fake_int4_backbone,76,443.78583,443.83916,60.12006,59.42682,59.83744,59.42678,59.46163,3994.479,6004.0
20260729T182727_fake_int4_854bb9,fake_int4_backbone,77,512.6441,512.84588,60.22861,59.55798,59.59578,61.0816,62.46093,3994.479,6004.0
20260729T182727_fake_int4_854bb9,fake_int4_backbone,78,449.55396,449.60903,60.04535,59.93267,59.62544,59.58042,59.84982,3994.479,6004.0
20260729T182727_fake_int4_854bb9,fake_int4_backbone,79,449.84009,449.88952,60.27264,62.14144,60.31155,59.71046,59.73197,3994.479,6004.0
20260729T182727_fake_int4_854bb9,fake_int4_backbone,80,452.97977,453.03613,60.7744,63.82592,59.92345,59.69725,59.96954,3994.479,6004.0
20260729T182727_fake_int4_854bb9,fake_int4_backbone,81,446.05469,446.11122,60.17434,60.53581,61.55264,59.81296,59.52819,3994.479,6004.0
20260729T182727_fake_int4_854bb9,fake_int4_backbone,82,448.56073,448.60574,60.32179,62.01549,59.76179,60.73853,59.78934,3994.479,6004.0
20260729T182727_fake_int4_854bb9,fake_int4_backbone,83,446.10883,446.15676,60.4119,59.76883,59.77293,59.66541,60.94643,3994.479,6004.0
20260729T182727_fake_int4_854bb9,fake_int4_backbone,84,445.61905,445.66901,62.16602,59.65722,59.48518,61.52499,59.64297,3994.479,6004.0
20260729T182727_fake_int4_854bb9,fake_int4_backbone,85,447.67841,447.72732,60.74563,61.28221,59.6265,60.04745,61.68064,3994.479,6004.0
20260729T182727_fake_int4_854bb9,fake_int4_backbone,86,555.40332,555.4507,60.52147,60.22349,59.51488,59.69715,59.7033,3994.479,6004.0
20260729T182727_fake_int4_854bb9,fake_int4_backbone,87,452.82419,452.87719,61.04985,60.79181,60.06259,61.7728,63.23098,3994.479,6004.0
20260729T182727_fake_int4_854bb9,fake_int4_backbone,88,458.32693,458.37871,62.33411,59.66438,59.46061,61.82919,59.62752,3994.479,6004.0
20260729T182727_fake_int4_854bb9,fake_int4_backbone,89,463.25183,463.30458,63.06509,63.05584,68.78003,60.73754,60.12928,3994.479,6004.0
20260729T182727_fake_int4_854bb9,fake_int4_backbone,90,459.43753,459.48591,60.15479,59.54557,59.81491,59.52,59.63776,3994.479,6004.0
20260729T182727_fake_int4_854bb9,fake_int4_backbone,91,451.18469,451.23475,60.58905,59.6224,61.37959,60.47232,59.6224,3994.479,6004.0
20260729T182727_fake_int4_854bb9,fake_int4_backbone,92,444.47849,444.52455,60.31869,59.71046,59.54457,59.41872,59.39302,3994.479,6004.0
20260729T182727_fake_int4_854bb9,fake_int4_backbone,93,468.34201,468.38755,60.49382,59.64698,59.52621,59.7463,59.43398,3994.479,6004.0
20260729T182727_fake_int4_854bb9,fake_int4_backbone,94,446.75421,446.82991,60.10471,59.61216,59.48723,59.52829,59.45958,3994.479,6004.0
20260729T182727_fake_int4_854bb9,fake_int4_backbone,95,445.59659,445.64785,60.50816,59.48109,59.57325,59.43901,59.40634,3994.479,6004.0
20260729T182727_fake_int4_854bb9,fake_int4_backbone,96,457.49643,457.54669,61.30381,62.74659,59.64602,60.13645,61.51168,3994.479,6004.0
20260729T182727_fake_int4_854bb9,fake_int4_backbone,97,456.86191,456.91013,64.84889,61.81479,59.8231,61.22189,59.5599,3994.479,6004.0
20260729T182727_fake_int4_854bb9,fake_int4_backbone,98,453.79517,453.99041,61.00583,61.89158,59.648,59.67667,62.45683,3994.479,6004.0
20260729T182727_fake_int4_854bb9,fake_int4_backbone,99,456.71414,456.76215,61.2855,59.50771,63.57914,60.62797,59.52205,3994.479,6004.0
20260729T182727_fake_int4_854bb9,fake_int4_backbone,100,448.52609,448.57785,60.45696,60.08934,59.53638,59.47699,59.90314,3994.479,6004.0
20260729T182727_fake_int4_854bb9,fake_int4_backbone,101,514.49664,514.54488,91.03667,79.6344,60.65357,59.42374,59.69613,3994.479,6004.0
20260729T182727_fake_int4_854bb9,fake_int4_backbone,102,445.20554,445.25342,60.16512,59.48621,59.40634,59.56813,59.47699,3994.479,6004.0
20260729T182727_fake_int4_854bb9,fake_int4_backbone,103,447.71335,447.75966,60.01664,60.82758,59.76781,59.70944,59.66438,3994.479,6004.0
20260729T182727_fake_int4_854bb9,fake_int4_backbone,104,445.28049,445.32873,60.1303,59.62752,59.5671,59.80672,59.47802,3994.479,6004.0
20260729T182727_fake_int4_854bb9,fake_int4_backbone,105,449.4845,449.54358,61.54855,59.79239,59.81901,59.81296,60.47232,3994.479,6004.0
20260729T182727_fake_int4_854bb9,fake_int4_backbone,106,458.22675,458.27643,60.49587,60.35763,61.91002,59.99094,60.17229,3994.479,6004.0
20260729T182727_fake_int4_854bb9,fake_int4_backbone,107,451.18765,451.23637,60.38851,62.05133,59.66131,59.6695,61.74413,3994.479,6004.0
20260729T182727_fake_int4_854bb9,fake_int4_backbone,108,454.23734,454.31209,60.70784,60.17331,62.20595,59.82013,60.57677,3994.479,6004.0
20260729T182727_fake_int4_854bb9,fake_int4_backbone,109,453.65176,453.69659,62.46208,59.83027,60.25011,62.26022,59.81594,3994.479,6004.0
20260729T182727_fake_int4_854bb9,fake_int4_backbone,110,443.61285,443.6624,60.55833,59.41043,59.6992,59.608,59.45344,3994.479,6004.0
20260729T182727_fake_int4_854bb9,fake_int4_backbone,111,455.7655,455.81358,69.37907,59.89491,59.56199,59.58144,59.50362,3994.479,6004.0
20260729T182727_fake_int4_854bb9,fake_int4_backbone,112,455.7359,455.78282,60.01049,59.62752,59.58861,59.66429,59.69408,3994.479,6004.0
20260729T182727_fake_int4_854bb9,fake_int4_backbone,113,460.60233,460.64908,60.2921,59.59373,59.50669,59.5456,59.48618,3994.479,6004.0
20260729T182727_fake_int4_854bb9,fake_int4_backbone,114,444.44476,444.49029,60.10778,59.64202,59.61114,59.42272,59.4176,3994.479,6004.0
20260729T182727_fake_int4_854bb9,fake_int4_backbone,115,444.27814,444.3241,60.13747,59.52307,59.58759,59.64391,59.57018,3994.479,6004.0
20260729T182727_fake_int4_854bb9,fake_int4_backbone,116,464.58841,464.6377,61.3161,59.62752,59.90605,59.64391,59.86816,3994.479,6004.0
20260729T182727_fake_int4_854bb9,fake_int4_backbone,117,445.59415,445.64396,60.48666,59.49645,59.76371,59.45958,59.33158,3994.479,6004.0
20260729T182727_fake_int4_854bb9,fake_int4_backbone,118,445.89029,445.93713,59.93165,59.80774,59.58656,59.88454,59.46362,3994.479,6004.0
20260729T182727_fake_int4_854bb9,fake_int4_backbone,119,449.4339,449.47862,60.16099,59.59987,59.50055,59.4688,59.75245,3994.479,6004.0
20260729T182727_fake_int4_854bb9,fake_int4_backbone,120,443.17972,443.2276,60.24806,59.52307,59.5497,59.44829,59.6265,3994.479,6004.0
20260729T182727_fake_int4_854bb9,fake_int4_backbone,121,443.33481,443.37949,60.39142,59.43091,59.43398,59.64083,59.4728,3994.479,6004.0
20260729T182727_fake_int4_854bb9,fake_int4_backbone,122,445.35315,445.41102,60.13338,59.7545,59.61011,59.43501,59.76176,3994.479,6004.0
20260729T182727_fake_int4_854bb9,fake_int4_backbone,123,451.29416,451.49959,60.16717,59.54355,60.11699,59.69305,59.62854,3994.479,6004.0
20260729T182727_fake_int4_854bb9,fake_int4_backbone,124,458.65848,458.70551,60.86246,59.6265,59.49133,59.7719,62.92685,3994.479,6004.0
20260729T182727_fake_int4_854bb9,fake_int4_backbone,125,454.85278,454.90076,64.65741,63.00262,60.01254,59.41351,62.01958,3994.479,6004.0
20260729T182727_fake_int4_854bb9,fake_int4_backbone,126,460.12704,460.17407,65.8903,62.16397,60.3392,62.74867,61.98682,3994.479,6004.0
20260729T182727_fake_int4_854bb9,fake_int4_backbone,127,500.69208,500.73665,70.71539,63.36426,61.20653,62.40051,65.67014,3994.479,6004.0
20260729T182727_fake_int4_854bb9,fake_int4_backbone,128,478.27094,478.32332,62.70567,59.64288,59.36026,59.56301,59.42579,3994.479,6004.0
20260729T182727_fake_int4_854bb9,fake_int4_backbone,129,450.68243,450.73306,60.25933,59.54473,59.53638,59.69613,59.45037,3994.479,6004.0
20260729T182727_fake_int4_854bb9,fake_int4_backbone,130,449.72971,449.77714,61.42061,59.648,59.48518,59.56301,59.71865,3994.479,6004.0
20260729T182727_fake_int4_854bb9,fake_int4_backbone,131,444.51886,444.56686,60.21632,59.60909,59.39405,59.6224,59.43193,3994.479,6004.0
20260729T182727_fake_int4_854bb9,fake_int4_backbone,132,455.22485,455.27275,60.02688,61.96531,59.57034,67.43552,59.58144,3994.479,6004.0
20260729T182727_fake_int4_854bb9,fake_int4_backbone,133,446.27478,446.32689,59.94598,59.73504,59.57734,59.53331,60.80717,3994.479,6004.0
20260729T182727_fake_int4_854bb9,fake_int4_backbone,134,472.8316,472.87689,61.89568,59.78816,59.46265,59.51069,59.35821,3994.479,6004.0
20260729T182727_fake_int4_854bb9,fake_int4_backbone,135,444.88193,444.92907,60.15382,59.60601,59.66547,59.80569,59.46983,3994.479,6004.0
20260729T182727_fake_int4_854bb9,fake_int4_backbone,136,443.49969,443.54646,60.59725,59.5384,59.70535,59.52013,59.41971,3994.479,6004.0
20260729T182727_fake_int4_854bb9,fake_int4_backbone,137,445.03445,445.0832,60.37187,59.51795,60.23782,59.42784,59.42067,3994.479,6004.0
20260729T182727_fake_int4_854bb9,fake_int4_backbone,138,442.80344,442.84969,59.97158,59.59776,59.44313,59.44934,59.43091,3994.479,6004.0
20260729T182727_fake_int4_854bb9,fake_int4_backbone,139,486.53436,486.58418,60.44262,59.72992,60.08627,59.57837,59.52102,3994.479,6004.0
20260729T182727_fake_int4_854bb9,fake_int4_backbone,140,460.71964,460.77161,62.55501,60.70682,66.12275,62.32154,59.6992,3994.479,6004.0
20260729T182727_fake_int4_854bb9,fake_int4_backbone,141,455.26193,455.31315,61.75539,59.51283,59.6777,59.42794,59.60499,3994.479,6004.0
20260729T182727_fake_int4_854bb9,fake_int4_backbone,142,446.31683,446.36412,60.12518,59.53843,59.57837,59.83539,59.6224,3994.479,6004.0
20260729T182727_fake_int4_854bb9,fake_int4_backbone,143,447.14011,447.18642,60.27264,59.84256,61.64275,59.55789,59.48518,3994.479,6004.0
20260729T182727_fake_int4_854bb9,fake_int4_backbone,144,444.98547,445.03351,60.13341,59.5456,59.58963,59.45856,60.59418,3994.479,6004.0
20260729T182727_fake_int4_854bb9,fake_int4_backbone,145,446.29211,446.33868,60.04441,60.41187,59.97363,59.81901,59.50566,3994.479,6004.0
20260729T182727_fake_int4_854bb9,fake_int4_backbone,146,444.57416,444.62298,60.49792,59.95008,59.68998,60.69674,59.52922,3994.479,6004.0
20260729T182727_fake_int4_854bb9,fake_int4_backbone,147,444.70856,444.75601,61.85472,59.63674,59.47085,59.40416,59.42784,3994.479,6004.0
20260729T182727_fake_int4_854bb9,fake_int4_backbone,148,446.30972,446.35873,60.20099,60.45287,59.50259,59.55482,59.67872,3994.479,6004.0
20260729T182727_fake_int4_854bb9,fake_int4_backbone,149,460.16629,460.21706,60.55014,59.54048,68.65203,64.23241,59.37971,3994.479,6004.0
20260729T182727_fake_int4_854bb9,fake_int4_backbone,150,453.80029,453.84857,59.9255,59.55894,59.49338,59.49846,59.51078,3994.479,6004.0
20260729T182727_fake_int4_854bb9,fake_int4_backbone,151,471.34296,471.39045,62.0064,59.6736,59.66336,59.81491,59.73095,3994.479,6004.0
20260729T182727_fake_int4_854bb9,fake_int4_backbone,152,510.86545,510.90981,60.5552,59.63885,59.49747,59.52,59.44013,3994.479,6004.0
20260729T182727_fake_int4_854bb9,fake_int4_backbone,153,457.85443,457.90027,64.29491,59.52717,59.50566,59.80877,59.54662,3994.479,6004.0
20260729T182727_fake_int4_854bb9,fake_int4_backbone,154,455.79773,455.84644,60.87782,61.40314,63.54944,59.4688,61.2352,3994.479,6004.0
20260729T182727_fake_int4_854bb9,fake_int4_backbone,155,468.41165,468.47522,64.7506,60.50416,59.50051,59.91021,62.27162,3994.479,6004.0
20260729T182727_fake_int4_854bb9,fake_int4_backbone,156,500.79111,500.85081,65.05574,60.34432,60.65459,69.58694,93.19219,3994.479,6004.0
20260729T182727_fake_int4_854bb9,fake_int4_backbone,157,553.35187,553.40861,62.19162,59.7463,63.45728,60.51021,60.95462,3994.479,6004.0
20260729T182727_fake_int4_854bb9,fake_int4_backbone,158,466.94403,466.99518,71.70048,61.5639,60.30029,62.4384,59.61114,3994.479,6004.0
20260729T182727_fake_int4_854bb9,fake_int4_backbone,159,453.15604,453.20696,61.20038,59.49338,64.73216,59.34592,60.70374,3994.479,6004.0
20260729T182727_fake_int4_854bb9,fake_int4_backbone,160,574.72797,574.77913,62.07386,59.81082,64.02464,66.67571,59.87431,3994.479,6004.0
20260729T182727_fake_int4_854bb9,fake_int4_backbone,161,552.00189,552.04779,60.96794,61.80352,62.60323,61.10925,60.31974,3994.479,6004.0
20260729T182727_fake_int4_854bb9,fake_int4_backbone,162,449.09564,449.14413,60.14771,60.00435,59.47997,59.97875,59.45242,3994.479,6004.0
20260729T182727_fake_int4_854bb9,fake_int4_backbone,163,458.95599,459.00434,60.49894,60.07398,59.4729,61.34989,66.69824,3994.479,6004.0
20260729T182727_fake_int4_854bb9,fake_int4_backbone,164,455.07199,455.1218,66.08794,60.13133,59.84154,59.41453,60.03302,3994.479,6004.0
20260729T182727_fake_int4_854bb9,fake_int4_backbone,165,457.70755,457.75367,61.18093,59.50566,62.90944,60.68941,59.51897,3994.479,6004.0
20260729T182727_fake_int4_854bb9,fake_int4_backbone,166,456.65128,456.69877,60.60544,59.52813,59.66327,60.92186,62.42714,3994.479,6004.0
20260729T182727_fake_int4_854bb9,fake_int4_backbone,167,445.68344,445.72819,60.93312,60.33306,59.83744,59.36739,59.67872,3994.479,6004.0
20260729T182727_fake_int4_854bb9,fake_int4_backbone,168,444.48129,444.52863,60.26138,59.55379,59.88669,59.47904,59.6777,3994.479,6004.0
20260729T182727_fake_int4_854bb9,fake_int4_backbone,169,449.30679,449.35177,60.77747,60.42317,59.49235,59.63469,59.45651,3994.479,6004.0
20260729T182727_fake_int4_854bb9,fake_int4_backbone,170,445.88419,445.93077,60.1487,61.47277,59.30598,59.52717,59.87123,3994.479,6004.0
20260729T182727_fake_int4_854bb9,fake_int4_backbone,171,447.8938,447.93782,60.55514,59.81094,59.45753,59.46368,59.42272,3994.479,6004.0
20260729T182727_fake_int4_854bb9,fake_int4_backbone,172,444.59488,444.64301,59.99514,61.21472,59.50458,59.57632,59.44832,3994.479,6004.0
20260729T182727_fake_int4_854bb9,fake_int4_backbone,173,443.5061,443.55314,61.30278,60.03609,59.52307,59.3623,60.7744,3994.479,6004.0
20260729T182727_fake_int4_854bb9,fake_int4_backbone,174,449.67996,449.72948,61.00275,62.59098,59.53638,61.01709,61.82605,3994.479,6004.0
20260729T182727_fake_int4_854bb9,fake_int4_backbone,175,452.31442,452.36438,62.95559,60.43443,61.91623,61.89158,61.25875,3994.479,6004.0
20260729T182727_fake_int4_854bb9,fake_int4_backbone,176,467.70993,467.7644,63.24125,61.49734,60.66483,60.63514,60.5655,3994.479,6004.0
20260729T182727_fake_int4_854bb9,fake_int4_backbone,177,480.69495,480.74453,60.57277,60.6505,63.30983,60.46515,61.14106,3994.479,6004.0
20260729T182727_fake_int4_854bb9,fake_int4_backbone,178,500.83514,500.88501,60.47846,60.26649,60.21632,60.91469,60.73037,3994.479,6004.0
20260729T182727_fake_int4_854bb9,fake_int4_backbone,179,453.42209,453.46824,63.52486,59.65401,61.42874,62.4425,59.71661,3994.479,6004.0
20260729T182727_fake_int4_854bb9,fake_int4_backbone,180,659.87622,659.92421,91.9808,87.84499,61.28646,60.80103,61.66938,3994.479,6004.0
20260729T182727_fake_int4_854bb9,fake_int4_backbone,181,445.83252,445.88021,60.15898,60.59213,59.45549,59.45139,59.50666,3994.479,6004.0
20260729T182727_fake_int4_854bb9,fake_int4_backbone,182,448.48947,448.53755,61.41031,59.76883,59.95008,59.54457,59.64698,3994.479,6004.0
20260729T182727_fake_int4_854bb9,fake_int4_backbone,183,446.5687,446.61379,60.09344,62.44967,59.61728,59.53229,59.48211,3994.479,6004.0
20260729T182727_fake_int4_854bb9,fake_int4_backbone,184,445.00204,445.04841,60.15174,60.13133,60.71706,59.38688,59.41453,3994.479,6004.0
20260729T182727_fake_int4_854bb9,fake_int4_backbone,185,446.03162,446.07939,60.51328,60.86963,59.46265,60.10983,60.0617,3994.479,6004.0
20260729T182727_fake_int4_854bb9,fake_int4_backbone,186,449.78076,449.82786,60.01049,59.98797,59.44013,59.78624,59.53946,3994.479,6004.0
20260729T182727_fake_int4_854bb9,fake_int4_backbone,187,463.60095,463.64865,60.67097,61.36525,60.32077,60.78566,59.60285,3994.479,6004.0
20260729T182727_fake_int4_854bb9,fake_int4_backbone,188,461.76447,461.81589,63.19206,65.13664,60.14976,61.43078,62.18752,3994.479,6004.0
20260729T182727_fake_int4_854bb9,fake_int4_backbone,189,451.40915,451.45847,62.32781,59.87933,61.94381,60.57677,59.91616,3994.479,6004.0
20260729T182727_fake_int4_854bb9,fake_int4_backbone,190,446.12625,446.17535,60.32179,63.35277,59.54048,60.24806,59.50771,3994.479,6004.0
20260729T182727_fake_int4_854bb9,fake_int4_backbone,191,446.05084,446.10127,60.78362,60.44877,61.26183,61.10925,59.62445,3994.479,6004.0
20260729T182727_fake_int4_854bb9,fake_int4_backbone,192,446.79947,446.84752,60.98227,60.3136,59.52922,59.66233,59.51283,3994.479,6004.0
20260729T182727_fake_int4_854bb9,fake_int4_backbone,193,457.38617,457.4357,60.29619,61.1072,61.50752,63.46854,63.80135,3994.479,6004.0
20260729T182727_fake_int4_854bb9,fake_int4_backbone,194,448.35223,448.40357,60.22451,60.56448,59.76374,59.46163,59.56199,3994.479,6004.0
20260729T182727_fake_int4_854bb9,fake_int4_backbone,195,453.03531,453.08474,61.30483,59.84666,62.6391,62.19571,60.57677,3994.479,6004.0
20260729T182727_fake_int4_854bb9,fake_int4_backbone,196,450.68201,450.73585,61.86496,63.03027,59.92038,60.4672,59.65619,3994.479,6004.0
20260729T182727_fake_int4_854bb9,fake_int4_backbone,197,453.58527,453.63487,61.27309,60.61568,62.15885,59.53331,59.65619,3994.479,6004.0
20260729T182727_fake_int4_854bb9,fake_int4_backbone,198,447.56677,447.61564,61.38778,61.12051,60.11597,59.55789,60.07808,3994.479,6004.0
20260729T182727_fake_int4_854bb9,fake_int4_backbone,199,448.59753,448.649,63.08045,59.60704,60.07296,59.54464,59.62445,3994.479,6004.0
